timestamp,url,lat,lng,country,city
2025-12-12T09:23:17.477162,https://maps.googleapis.com/maps/api/js/GeoPhotoService.GetMetadata?pb=!1m4!1sapiv3!11m2!1m1!1b0!2m2!1sen!2sUS!3m3!1m2!1e10!2sCIHM0ogKEICAgICJr7viowE!4m61!1e1!1e2!1e3!1e4!1e5!1e6!1e8!1e12!1e17!2m1!1e1!4m1!1i48!5m1!1e1!5m1!1e2!6m1!1e1!6m1!1e2!9m36!1m3!1e2!2b1!3e2!1m3!1e2!2b0!3e3!1m3!1e3!2b1!3e2!1m3!1e3!2b0!3e3!1m3!1e8!2b0!3e3!1m3!1e1!2b0!3e3!1m3!1e4!2b0!3e3!1m3!1e10!2b1!3e2!1m3!1e10!2b0!3e3!11m2!3m1!4b1&callback=_callbacks____5mj2lnwi9,34.66553904049219,135.4334583055759,JP,Amagasaki
2025-12-12T09:48:50.343151,https://maps.googleapis.com/maps/api/js/GeoPhotoService.GetMetadata?pb=!1m4!1sapiv3!11m2!1m1!1b0!2m2!1sit!2sIT!3m3!1m2!1e2!2s-dld2Zy4mgRwQPiwNaLNJQ!4m61!1e1!1e2!1e3!1e4!1e5!1e6!1e8!1e12!1e17!2m1!1e1!4m1!1i48!5m1!1e1!5m1!1e2!6m1!1e1!6m1!1e2!9m36!1m3!1e2!2b1!3e2!1m3!1e2!2b0!3e3!1m3!1e3!2b1!3e2!1m3!1e3!2b0!3e3!1m3!1e8!2b0!3e3!1m3!1e1!2b0!3e3!1m3!1e4!2b0!3e3!1m3!1e10!2b1!3e2!1m3!1e10!2b0!3e3!11m2!3m1!4b1&callback=_callbacks____24mj2mkrdj,41.36668509205045,19.78051495515843,Albania,Kamez
2025-12-12T09:48:55.037194,https://maps.googleapis.com/maps/api/js/GeoPhotoService.GetMetadata?pb=!1m4!1sapiv3!11m2!1m1!1b0!2m2!1sit!2sIT!3m3!1m2!1e2!2srI8__8qYHDFcQM0AIWezpw!4m61!1e1!1e2!1e3!1e4!1e5!1e6!1e8!1e12!1e17!2m1!1e1!4m1!1i48!5m1!1e1!5m1!1e2!6m1!1e1!6m1!1e2!9m36!1m3!1e2!2b1!3e2!1m3!1e2!2b0!3e3!1m3!1e3!2b1!3e2!1m3!1e3!2b0!3e3!1m3!1e8!2b0!3e3!1m3!1e1!2b0!3e3!1m3!1e4!2b0!3e3!1m3!1e10!2b1!3e2!1m3!1e10!2b0!3e3!11m2!3m1!4b1&callback=_callbacks____25mj2mkvh7,41.36674921590318,19.78062695524668,Albania,Kamez
2025-12-12T09:49:03.420101,https://maps.googleapis.com/maps/api/js/GeoPhotoService.GetMetadata?pb=!1m4!1sapiv3!11m2!1m1!1b0!2m2!1sit!2sIT!3m3!1m2!1e2!2szcHO3Czpt64nRyhsMWmI2w!4m61!1e1!1e2!1e3!1e4!1e5!1e6!1e8!1e12!1e17!2m1!1e1!4m1!1i48!5m1!1e1!5m1!1e2!6m1!1e1!6m1!1e2!9m36!1m3!1e2!2b1!3e2!1m3!1e2!2b0!3e3!1m3!1e3!2b1!3e2!1m3!1e3!2b0!3e3!1m3!1e8!2b0!3e3!1m3!1e1!2b0!3e3!1m3!1e4!2b0!3e3!1m3!1e10!2b1!3e2!1m3!1e10!2b0!3e3!11m2!3m1!4b1&callback=_callbacks____26mj2ml21v,-20.29573173444375,-40.40362623354468,Brazil,Vitoria
2025-12-12T09:49:07.388457,https://maps.googleapis.com/maps/api/js/GeoPhotoService.GetMetadata?pb=!1m4!1sapiv3!11m2!1m1!1b0!2m2!1sit!2sIT!3m3!1m2!1e2!2sCgRBq7q8MxqCiq7dQkc-gg!4m61!1e1!1e2!1e3!1e4!1e5!1e6!1e8!1e12!1e17!2m1!1e1!4m1!1i48!5m1!1e1!5m1!1e2!6m1!1e1!6m1!1e2!9m36!1m3!1e2!2b1!3e2!1m3!1e2!2b0!3e3!1m3!1e3!2b1!3e2!1m3!1e3!2b0!3e3!1m3!1e8!2b0!3e3!1m3!1e1!2b0!3e3!1m3!1e4!2b0!3e3!1m3!1e10!2b1!3e2!1m3!1e10!2b0!3e3!11m2!3m1!4b1&callback=_callbacks____27mj2ml4ss,-20.29567510160377,-40.40369342925616,Brazil,Vitoria
2025-12-12T09:49:10.396214,https://maps.googleapis.com/maps/api/js/GeoPhotoService.GetMetadata?pb=!1m4!1sapiv3!11m2!1m1!1b0!2m2!1sit!2sIT!3m3!1m2!1e2!2sddBhS2HI6ridzWyN9lPCDQ!4m61!1e1!1e2!1e3!1e4!1e5!1e6!1e8!1e12!1e17!2m1!1e1!4m1!1i48!5m1!1e1!5m1!1e2!6m1!1e1!6m1!1e2!9m36!1m3!1e2!2b1!3e2!1m3!1e2!2b0!3e3!1m3!1e3!2b1!3e2!1m3!1e3!2b0!3e3!1m3!1e8!2b0!3e3!1m3!1e1!2b0!3e3!1m3!1e4!2b0!3e3!1m3!1e10!2b1!3e2!1m3!1e10!2b0!3e3!11m2!3m1!4b1&callback=_callbacks____28mj2ml5a4,-20.29567930436757,-40.4037462369431,Brazil,Vitoria
2025-12-12T09:49:13.193035,https://maps.googleapis.com/maps/api/js/GeoPhotoService.GetMetadata?pb=!1m4!1sapiv3!11m2!1m1!1b0!2m2!1sit!2sIT!3m3!1m2!1e2!2sLjcXFZ0iMkOzLYdfL9Ihlg!4m61!1e1!1e2!1e3!1e4!1e5!1e6!1e8!1e12!1e17!2m1!1e1!4m1!1i48!5m1!1e1!5m1!1e2!6m1!1e1!6m1!1e2!9m36!1m3!1e2!2b1!3e2!1m3!1e2!2b0!3e3!1m3!1e3!2b1!3e2!1m3!1e3!2b0!3e3!1m3!1e8!2b0!3e3!1m3!1e1!2b0!3e3!1m3!1e4!2b0!3e3!1m3!1e10!2b1!3e2!1m3!1e10!2b0!3e3!11m2!3m1!4b1&callback=_callbacks____29mj2ml7t0,-20.29582813937975,-40.40356487072722,Brazil,Vitoria
2025-12-12T09:49:25.521047,https://maps.googleapis.com/maps/api/js/GeoPhotoService.GetMetadata?pb=!1m4!1sapiv3!11m2!1m1!1b0!2m2!1sit!2sIT!3m3!1m2!1e2!2sbx-pU6yp83HGgA6VWucb8g!4m61!1e1!1e2!1e3!1e4!1e5!1e6!1e8!1e12!1e17!2m1!1e1!4m1!1i48!5m1!1e1!5m1!1e2!6m1!1e1!6m1!1e2!9m36!1m3!1e2!2b1!3e2!1m3!1e2!2b0!3e3!1m3!1e3!2b1!3e2!1m3!1e3!2b0!3e3!1m3!1e8!2b0!3e3!1m3!1e1!2b0!3e3!1m3!1e4!2b0!3e3!1m3!1e10!2b1!3e2!1m3!1e10!2b0!3e3!11m2!3m1!4b1&callback=_callbacks____2amj2mliug,40.19589471900881,20.43782095201859,Albania,Petran
2025-12-12T09:49:29.736558,https://maps.googleapis.com/maps/api/js/GeoPhotoService.GetMetadata?pb=!1m4!1sapiv3!11m2!1m1!1b0!2m2!1sit!2sIT!3m3!1m2!1e2!2sftYMoxgwZrD5Lt2AsQANAA!4m61!1e1!1e2!1e3!1e4!1e5!1e6!1e8!1e12!1e17!2m1!1e1!4m1!1i48!5m1!1e1!5m1!1e2!6m1!1e1!6m1!1e2!9m36!1m3!1e2!2b1!3e2!1m3!1e2!2b0!3e3!1m3!1e3!2b1!3e2!1m3!1e3!2b0!3e3!1m3!1e8!2b0!3e3!1m3!1e1!2b0!3e3!1m3!1e4!2b0!3e3!1m3!1e10!2b1!3e2!1m3!1e10!2b0!3e3!11m2!3m1!4b1&callback=_callbacks____2bmj2mllr7,40.19597241584632,20.43775831009027,Albania,Petran
2025-12-12T09:49:32.573161,https://maps.googleapis.com/maps/api/js/GeoPhotoService.GetMetadata?pb=!1m4!1sapiv3!11m2!1m1!1b0!2m2!1sit!2sIT!3m3!1m2!1e2!2s8fqmIFG_n8mfeSdMMiyruQ!4m61!1e1!1e2!1e3!1e4!1e5!1e6!1e8!1e12!1e17!2m1!1e1!4m1!1i48!5m1!1e1!5m1!1e2!6m1!1e1!6m1!1e2!9m36!1m3!1e2!2b1!3e2!1m3!1e2!2b0!3e3!1m3!1e3!2b1!3e2!1m3!1e3!2b0!3e3!1m3!1e8!2b0!3e3!1m3!1e1!2b0!3e3!1m3!1e4!2b0!3e3!1m3!1e10!2b1!3e2!1m3!1e10!2b0!3e3!11m2!3m1!4b1&callback=_callbacks____2cmj2mloek,40.19581867851783,20.43788232111064,Albania,Petran
2025-12-12T09:49:43.095380,https://maps.googleapis.com/maps/api/js/GeoPhotoService.GetMetadata?pb=!1m4!1sapiv3!11m2!1m1!1b0!2m2!1sit!2sIT!3m3!1m2!1e2!2sjbz5uUgxsgfSlaImiBEvYQ!4m61!1e1!1e2!1e3!1e4!1e5!1e6!1e8!1e12!1e17!2m1!1e1!4m1!1i48!5m1!1e1!5m1!1e2!6m1!1e1!6m1!1e2!9m36!1m3!1e2!2b1!3e2!1m3!1e2!2b0!3e3!1m3!1e3!2b1!3e2!1m3!1e3!2b0!3e3!1m3!1e8!2b0!3e3!1m3!1e1!2b0!3e3!1m3!1e4!2b0!3e3!1m3!1e10!2b1!3e2!1m3!1e10!2b0!3e3!11m2!3m1!4b1&callback=_callbacks____2emj2mlwlr,59.94728615525838,10.65867311385384,Norway,Sjolyststranda
2025-12-12T09:49:46.575360,https://maps.googleapis.com/maps/api/js/GeoPhotoService.GetMetadata?pb=!1m4!1sapiv3!11m2!1m1!1b0!2m2!1sit!2sIT!3m3!1m2!1e2!2stGnYI9oHnXC4C4FYO503zw!4m61!1e1!1e2!1e3!1e4!1e5!1e6!1e8!1e12!1e17!2m1!1e1!4m1!1i48!5m1!1e1!5m1!1e2!6m1!1e1!6m1!1e2!9m36!1m3!1e2!2b1!3e2!1m3!1e2!2b0!3e3!1m3!1e3!2b1!3e2!1m3!1e3!2b0!3e3!1m3!1e8!2b0!3e3!1m3!1e1!2b0!3e3!1m3!1e4!2b0!3e3!1m3!1e10!2b1!3e2!1m3!1e10!2b0!3e3!11m2!3m1!4b1&callback=_callbacks____2fmj2mlz4o,59.94735975111018,10.65857591816382,Norway,Sjolyststranda
2025-12-12T09:49:49.140903,https://maps.googleapis.com/maps/api/js/GeoPhotoService.GetMetadata?pb=!1m4!1sapiv3!11m2!1m1!1b0!2m2!1sit!2sIT!3m3!1m2!1e2!2sNgFf7qMXKa8nc7VE_6w6lg!4m61!1e1!1e2!1e3!1e4!1e5!1e6!1e8!1e12!1e17!2m1!1e1!4m1!1i48!5m1!1e1!5m1!1e2!6m1!1e1!6m1!1e2!9m36!1m3!1e2!2b1!3e2!1m3!1e2!2b0!3e3!1m3!1e3!2b1!3e2!1m3!1e3!2b0!3e3!1m3!1e8!2b0!3e3!1m3!1e1!2b0!3e3!1m3!1e4!2b0!3e3!1m3!1e10!2b1!3e2!1m3!1e10!2b0!3e3!11m2!3m1!4b1&callback=_callbacks____2gmj2mlzn5,59.94695224678708,10.65966991058906,Norway,Sjolyststranda
2025-12-12T09:49:51.697183,https://maps.googleapis.com/maps/api/js/GeoPhotoService.GetMetadata?pb=!1m4!1sapiv3!11m2!1m1!1b0!2m2!1sit!2sIT!3m3!1m2!1e2!2s4v8YYhj4JA1dE1c0-wfsKg!4m61!1e1!1e2!1e3!1e4!1e5!1e6!1e8!1e12!1e17!2m1!1e1!4m1!1i48!5m1!1e1!5m1!1e2!6m1!1e1!6m1!1e2!9m36!1m3!1e2!2b1!3e2!1m3!1e2!2b0!3e3!1m3!1e3!2b1!3e2!1m3!1e3!2b0!3e3!1m3!1e8!2b0!3e3!1m3!1e1!2b0!3e3!1m3!1e4!2b0!3e3!1m3!1e10!2b1!3e2!1m3!1e10!2b0!3e3!11m2!3m1!4b1&callback=_callbacks____2hmj2mm033,59.94719077664501,10.65870375546926,Norway,Sjolyststranda
2025-12-12T10:09:29.310348,https://maps.googleapis.com/maps/api/js/GeoPhotoService.GetMetadata?pb=!1m4!1sapiv3!11m2!1m1!1b0!2m2!1sit!2sIT!3m3!1m2!1e2!2sXHyd_BwKYkvFzyOptySqgA!4m61!1e1!1e2!1e3!1e4!1e5!1e6!1e8!1e12!1e17!2m1!1e1!4m1!1i48!5m1!1e1!5m1!1e2!6m1!1e1!6m1!1e2!9m36!1m3!1e2!2b1!3e2!1m3!1e2!2b0!3e3!1m3!1e3!2b1!3e2!1m3!1e3!2b0!3e3!1m3!1e8!2b0!3e3!1m3!1e1!2b0!3e3!1m3!1e4!2b0!3e3!1m3!1e10!2b1!3e2!1m3!1e10!2b0!3e3!11m2!3m1!4b1&callback=_callbacks____0mj2nbbj0,18.95705530594486,-99.2371399859207,Mexico,Fraccionamiento Lomas de Ahuatlan
2025-12-12T10:09:32.619086,https://maps.googleapis.com/maps/api/js/GeoPhotoService.GetMetadata?pb=!1m4!1sapiv3!11m2!1m1!1b0!2m2!1sit!2sIT!3m3!1m2!1e2!2sPiqBYcHIpNg7g3zOmfBSfw!4m61!1e1!1e2!1e3!1e4!1e5!1e6!1e8!1e12!1e17!2m1!1e1!4m1!1i48!5m1!1e1!5m1!1e2!6m1!1e1!6m1!1e2!9m36!1m3!1e2!2b1!3e2!1m3!1e2!2b0!3e3!1m3!1e3!2b1!3e2!1m3!1e3!2b0!3e3!1m3!1e8!2b0!3e3!1m3!1e1!2b0!3e3!1m3!1e4!2b0!3e3!1m3!1e10!2b1!3e2!1m3!1e10!2b0!3e3!11m2!3m1!4b1&callback=_callbacks____1mj2nbebt,18.95710270076023,-99.23715300650518,Mexico,Fraccionamiento Lomas de Ahuatlan
2025-12-12T10:09:34.910786,https://maps.googleapis.com/maps/api/js/GeoPhotoService.GetMetadata?pb=!1m4!1sapiv3!11m2!1m1!1b0!2m2!1sit!2sIT!3m3!1m2!1e2!2sdBriuBxvEegwmrP5ao6sBQ!4m61!1e1!1e2!1e3!1e4!1e5!1e6!1e8!1e12!1e17!2m1!1e1!4m1!1i48!5m1!1e1!5m1!1e2!6m1!1e1!6m1!1e2!9m36!1m3!1e2!2b1!3e2!1m3!1e2!2b0!3e3!1m3!1e3!2b1!3e2!1m3!1e3!2b0!3e3!1m3!1e8!2b0!3e3!1m3!1e1!2b0!3e3!1m3!1e4!2b0!3e3!1m3!1e10!2b1!3e2!1m3!1e10!2b0!3e3!11m2!3m1!4b1&callback=_callbacks____2mj2nbfh1,18.95700790690687,-99.23712704988753,Mexico,Fraccionamiento Lomas de Ahuatlan
2025-12-12T10:09:37.237952,https://maps.googleapis.com/maps/api/js/GeoPhotoService.GetMetadata?pb=!1m4!1sapiv3!11m2!1m1!1b0!2m2!1sit!2sIT!3m3!1m2!1e2!2syOggGE6A49ExnJnod8Zhrw!4m61!1e1!1e2!1e3!1e4!1e5!1e6!1e8!1e12!1e17!2m1!1e1!4m1!1i48!5m1!1e1!5m1!1e2!6m1!1e1!6m1!1e2!9m36!1m3!1e2!2b1!3e2!1m3!1e2!2b0!3e3!1m3!1e3!2b1!3e2!1m3!1e3!2b0!3e3!1m3!1e8!2b0!3e3!1m3!1e1!2b0!3e3!1m3!1e4!2b0!3e3!1m3!1e10!2b1!3e2!1m3!1e10!2b0!3e3!11m2!3m1!4b1&callback=_callbacks____3mj2nbh7f,18.95698867369109,-99.23717228373803,Mexico,Fraccionamiento Lomas de Ahuatlan
2025-12-12T10:09:39.988730,https://maps.googleapis.com/maps/api/js/GeoPhotoService.GetMetadata?pb=!1m4!1sapiv3!11m2!1m1!1b0!2m2!1sit!2sIT!3m3!1m2!1e2!2skuAVQcakIxiLhpjQD_YSfg!4m61!1e1!1e2!1e3!1e4!1e5!1e6!1e8!1e12!1e17!2m1!1e1!4m1!1i48!5m1!1e1!5m1!1e2!6m1!1e1!6m1!1e2!9m36!1m3!1e2!2b1!3e2!1m3!1e2!2b0!3e3!1m3!1e3!2b1!3e2!1m3!1e3!2b0!3e3!1m3!1e8!2b0!3e3!1m3!1e1!2b0!3e3!1m3!1e4!2b0!3e3!1m3!1e10!2b1!3e2!1m3!1e10!2b0!3e3!11m2!3m1!4b1&callback=_callbacks____4mj2nbk24,18.95625259122634,-99.23710489799242,Mexico,Fraccionamiento Lomas de Ahuatlan
2025-12-12T10:09:42.512079,https://maps.googleapis.com/maps/api/js/GeoPhotoService.GetMetadata?pb=!1m4!1sapiv3!11m2!1m1!1b0!2m2!1sit!2sIT!3m3!1m2!1e2!2snkcUXfVKsa9WMUtSc6TCoA!4m61!1e1!1e2!1e3!1e4!1e5!1e6!1e8!1e12!1e17!2m1!1e1!4m1!1i48!5m1!1e1!5m1!1e2!6m1!1e1!6m1!1e2!9m36!1m3!1e2!2b1!3e2!1m3!1e2!2b0!3e3!1m3!1e3!2b1!3e2!1m3!1e3!2b0!3e3!1m3!1e8!2b0!3e3!1m3!1e1!2b0!3e3!1m3!1e4!2b0!3e3!1m3!1e10!2b1!3e2!1m3!1e10!2b0!3e3!11m2!3m1!4b1&callback=_callbacks____6mj2nbl79,18.95703919690152,-99.23668054664056,Mexico,Fraccionamiento Lomas de Ahuatlan
2025-12-12T10:09:45.026160,https://maps.googleapis.com/maps/api/js/GeoPhotoService.GetMetadata?pb=!1m4!1sapiv3!11m2!1m1!1b0!2m2!1sit!2sIT!3m3!1m2!1e2!2sAaKVgzsBd9S4eUkfnGQ0XQ!4m61!1e1!1e2!1e3!1e4!1e5!1e6!1e8!1e12!1e17!2m1!1e1!4m1!1i48!5m1!1e1!5m1!1e2!6m1!1e1!6m1!1e2!9m36!1m3!1e2!2b1!3e2!1m3!1e2!2b0!3e3!1m3!1e3!2b1!3e2!1m3!1e3!2b0!3e3!1m3!1e8!2b0!3e3!1m3!1e1!2b0!3e3!1m3!1e4!2b0!3e3!1m3!1e10!2b1!3e2!1m3!1e10!2b0!3e3!11m2!3m1!4b1&callback=_callbacks____5mj2nbkqu,18.95686874180338,-99.23701857329884,Mexico,Fraccionamiento Lomas de Ahuatlan
2025-12-12T10:09:47.896444,https://maps.googleapis.com/maps/api/js/GeoPhotoService.GetMetadata?pb=!1m4!1sapiv3!11m2!1m1!1b0!2m2!1sit!2sIT!3m3!1m2!1e2!2sq1nvy3xFZ6fpLDSHpy7ijw!4m61!1e1!1e2!1e3!1e4!1e5!1e6!1e8!1e12!1e17!2m1!1e1!4m1!1i48!5m1!1e1!5m1!1e2!6m1!1e1!6m1!1e2!9m36!1m3!1e2!2b1!3e2!1m3!1e2!2b0!3e3!1m3!1e3!2b1!3e2!1m3!1e3!2b0!3e3!1m3!1e8!2b0!3e3!1m3!1e1!2b0!3e3!1m3!1e4!2b0!3e3!1m3!1e10!2b1!3e2!1m3!1e10!2b0!3e3!11m2!3m1!4b1&callback=_callbacks____7mj2nbm1k,18.95700424740445,-99.23654425415114,Mexico,Fraccionamiento Lomas de Ahuatlan
2025-12-12T10:09:50.436217,https://maps.googleapis.com/maps/api/js/GeoPhotoService.GetMetadata?pb=!1m4!1sapiv3!11m2!1m1!1b0!2m2!1sit!2sIT!3m3!1m2!1e2!2si-rphZ0xXriCGIPuCN8clQ!4m61!1e1!1e2!1e3!1e4!1e5!1e6!1e8!1e12!1e17!2m1!1e1!4m1!1i48!5m1!1e1!5m1!1e2!6m1!1e1!6m1!1e2!9m36!1m3!1e2!2b1!3e2!1m3!1e2!2b0!3e3!1m3!1e3!2b1!3e2!1m3!1e3!2b0!3e3!1m3!1e8!2b0!3e3!1m3!1e1!2b0!3e3!1m3!1e4!2b0!3e3!1m3!1e10!2b1!3e2!1m3!1e10!2b0!3e3!11m2!3m1!4b1&callback=_callbacks____8mj2nbmef,18.95703845379377,-99.23682123590321,Mexico,Fraccionamiento Lomas de Ahuatlan
2025-12-12T10:09:53.072140,https://maps.googleapis.com/maps/api/js/GeoPhotoService.GetMetadata?pb=!1m4!1sapiv3!11m2!1m1!1b0!2m2!1sit!2sIT!3m3!1m2!1e2!2sQtFOExY4kR0smJeHhiEETw!4m61!1e1!1e2!1e3!1e4!1e5!1e6!1e8!1e12!1e17!2m1!1e1!4m1!1i48!5m1!1e1!5m1!1e2!6m1!1e1!6m1!1e2!9m36!1m3!1e2!2b1!3e2!1m3!1e2!2b0!3e3!1m3!1e3!2b1!3e2!1m3!1e3!2b0!3e3!1m3!1e8!2b0!3e3!1m3!1e1!2b0!3e3!1m3!1e4!2b0!3e3!1m3!1e10!2b1!3e2!1m3!1e10!2b0!3e3!11m2!3m1!4b1&callback=_callbacks____9mj2nbsds,18.9571404420745,-99.23716332151517,Mexico,Fraccionamiento Lomas de Ahuatlan
2025-12-12T10:09:58.323049,https://maps.googleapis.com/maps/api/js/GeoPhotoService.GetMetadata?pb=!1m4!1sapiv3!11m2!1m1!1b0!2m2!1sit!2sIT!3m3!1m2!1e2!2s76MccsQ9PaIcJEpdjJbHqA!4m61!1e1!1e2!1e3!1e4!1e5!1e6!1e8!1e12!1e17!2m1!1e1!4m1!1i48!5m1!1e1!5m1!1e2!6m1!1e1!6m1!1e2!9m36!1m3!1e2!2b1!3e2!1m3!1e2!2b0!3e3!1m3!1e3!2b1!3e2!1m3!1e3!2b0!3e3!1m3!1e8!2b0!3e3!1m3!1e1!2b0!3e3!1m3!1e4!2b0!3e3!1m3!1e10!2b1!3e2!1m3!1e10!2b0!3e3!11m2!3m1!4b1&callback=_callbacks____amj2nbxf0,18.9572893302518,-99.23720661075177,Mexico,Fraccionamiento Lomas de Ahuatlan
2025-12-12T10:10:01.439210,https://maps.googleapis.com/maps/api/js/GeoPhotoService.GetMetadata?pb=!1m4!1sapiv3!11m2!1m1!1b0!2m2!1sit!2sIT!3m3!1m2!1e2!2sShCkCFOxTjjNrOpXBaX-IA!4m61!1e1!1e2!1e3!1e4!1e5!1e6!1e8!1e12!1e17!2m1!1e1!4m1!1i48!5m1!1e1!5m1!1e2!6m1!1e1!6m1!1e2!9m36!1m3!1e2!2b1!3e2!1m3!1e2!2b0!3e3!1m3!1e3!2b1!3e2!1m3!1e3!2b0!3e3!1m3!1e8!2b0!3e3!1m3!1e1!2b0!3e3!1m3!1e4!2b0!3e3!1m3!1e10!2b1!3e2!1m3!1e10!2b0!3e3!11m2!3m1!4b1&callback=_callbacks____bmj2nbxgq,18.95719313741168,-99.23717270648442,Mexico,Fraccionamiento Lomas de Ahuatlan
2025-12-12T10:10:04.125251,https://maps.googleapis.com/maps/api/js/GeoPhotoService.GetMetadata?pb=!1m4!1sapiv3!11m2!1m1!1b0!2m2!1sit!2sIT!3m3!1m2!1e2!2sVh2S8eh6tSVT76VSPYj5fg!4m61!1e1!1e2!1e3!1e4!1e5!1e6!1e8!1e12!1e17!2m1!1e1!4m1!1i48!5m1!1e1!5m1!1e2!6m1!1e1!6m1!1e2!9m36!1m3!1e2!2b1!3e2!1m3!1e2!2b0!3e3!1m3!1e3!2b1!3e2!1m3!1e3!2b0!3e3!1m3!1e8!2b0!3e3!1m3!1e1!2b0!3e3!1m3!1e4!2b0!3e3!1m3!1e10!2b1!3e2!1m3!1e10!2b0!3e3!11m2!3m1!4b1&callback=_callbacks____cmj2nc0jl,54.23568048632768,25.6818834795,Lithuania,Salcininkai
2025-12-12T10:10:12.496059,https://maps.googleapis.com/maps/api/js/GeoPhotoService.GetMetadata?pb=!1m4!1sapiv3!11m2!1m1!1b0!2m2!1sit!2sIT!3m3!1m2!1e2!2sDhLXotlZjsmGE8CvFrf8pA!4m61!1e1!1e2!1e3!1e4!1e5!1e6!1e8!1e12!1e17!2m1!1e1!4m1!1i48!5m1!1e1!5m1!1e2!6m1!1e1!6m1!1e2!9m36!1m3!1e2!2b1!3e2!1m3!1e2!2b0!3e3!1m3!1e3!2b1!3e2!1m3!1e3!2b0!3e3!1m3!1e8!2b0!3e3!1m3!1e1!2b0!3e3!1m3!1e4!2b0!3e3!1m3!1e10!2b1!3e2!1m3!1e10!2b0!3e3!11m2!3m1!4b1&callback=_callbacks____dmj2nc9h3,54.23562184724329,25.6817485209027,Lithuania,Salcininkai
2025-12-12T10:10:15.216533,https://maps.googleapis.com/maps/api/js/GeoPhotoService.GetMetadata?pb=!1m4!1sapiv3!11m2!1m1!1b0!2m2!1sit!2sIT!3m3!1m2!1e2!2s02NlzKbSlsL88ylWPxhCpg!4m61!1e1!1e2!1e3!1e4!1e5!1e6!1e8!1e12!1e17!2m1!1e1!4m1!1i48!5m1!1e1!5m1!1e2!6m1!1e1!6m1!1e2!9m36!1m3!1e2!2b1!3e2!1m3!1e2!2b0!3e3!1m3!1e3!2b1!3e2!1m3!1e3!2b0!3e3!1m3!1e8!2b0!3e3!1m3!1e1!2b0!3e3!1m3!1e4!2b0!3e3!1m3!1e10!2b1!3e2!1m3!1e10!2b0!3e3!11m2!3m1!4b1&callback=_callbacks____emj2ncbcm,54.23556093548187,25.6816149190889,Lithuania,Salcininkai
2025-12-12T10:10:17.686635,https://maps.googleapis.com/maps/api/js/GeoPhotoService.GetMetadata?pb=!1m4!1sapiv3!11m2!1m1!1b0!2m2!1sit!2sIT!3m3!1m2!1e2!2spJXqC-CytbKk4JdIUaNhew!4m61!1e1!1e2!1e3!1e4!1e5!1e6!1e8!1e12!1e17!2m1!1e1!4m1!1i48!5m1!1e1!5m1!1e2!6m1!1e1!6m1!1e2!9m36!1m3!1e2!2b1!3e2!1m3!1e2!2b0!3e3!1m3!1e3!2b1!3e2!1m3!1e3!2b0!3e3!1m3!1e8!2b0!3e3!1m3!1e1!2b0!3e3!1m3!1e4!2b0!3e3!1m3!1e10!2b1!3e2!1m3!1e10!2b0!3e3!11m2!3m1!4b1&callback=_callbacks____fmj2ncbm3,54.23506617481203,25.68057806123995,Lithuania,Salcininkai
2025-12-12T10:10:20.042300,https://maps.googleapis.com/maps/api/js/GeoPhotoService.GetMetadata?pb=!1m4!1sapiv3!11m2!1m1!1b0!2m2!1sit!2sIT!3m3!1m2!1e2!2sJo5OAlKhxAHlCuZrNC7-GA!4m61!1e1!1e2!1e3!1e4!1e5!1e6!1e8!1e12!1e17!2m1!1e1!4m1!1i48!5m1!1e1!5m1!1e2!6m1!1e1!6m1!1e2!9m36!1m3!1e2!2b1!3e2!1m3!1e2!2b0!3e3!1m3!1e3!2b1!3e2!1m3!1e3!2b0!3e3!1m3!1e8!2b0!3e3!1m3!1e1!2b0!3e3!1m3!1e4!2b0!3e3!1m3!1e10!2b1!3e2!1m3!1e10!2b0!3e3!11m2!3m1!4b1&callback=_callbacks____gmj2ncbvb,54.23511390158209,25.68066656507859,Lithuania,Salcininkai
2025-12-12T10:10:23.585813,https://maps.googleapis.com/maps/api/js/GeoPhotoService.GetMetadata?pb=!1m4!1sapiv3!11m2!1m1!1b0!2m2!1sit!2sIT!3m3!1m2!1e2!2sIybRyIgqM-ubNYOoMK68ZA!4m61!1e1!1e2!1e3!1e4!1e5!1e6!1e8!1e12!1e17!2m1!1e1!4m1!1i48!5m1!1e1!5m1!1e2!6m1!1e1!6m1!1e2!9m36!1m3!1e2!2b1!3e2!1m3!1e2!2b0!3e3!1m3!1e3!2b1!3e2!1m3!1e3!2b0!3e3!1m3!1e8!2b0!3e3!1m3!1e1!2b0!3e3!1m3!1e4!2b0!3e3!1m3!1e10!2b1!3e2!1m3!1e10!2b0!3e3!11m2!3m1!4b1&callback=_callbacks____hmj2nci03,54.23512443874474,25.68069783901057,Lithuania,Salcininkai
2025-12-12T10:10:30.760154,https://maps.googleapis.com/maps/api/js/GeoPhotoService.GetMetadata?pb=!1m4!1sapiv3!11m2!1m1!1b0!2m2!1sit!2sIT!3m3!1m2!1e2!2sT517vPvREBDnTMA07tj73g!4m61!1e1!1e2!1e3!1e4!1e5!1e6!1e8!1e12!1e17!2m1!1e1!4m1!1i48!5m1!1e1!5m1!1e2!6m1!1e1!6m1!1e2!9m36!1m3!1e2!2b1!3e2!1m3!1e2!2b0!3e3!1m3!1e3!2b1!3e2!1m3!1e3!2b0!3e3!1m3!1e8!2b0!3e3!1m3!1e1!2b0!3e3!1m3!1e4!2b0!3e3!1m3!1e10!2b1!3e2!1m3!1e10!2b0!3e3!11m2!3m1!4b1&callback=_callbacks____imj2ncle1,51.80389907644105,5.439051719429311,Netherlands,Heerewaarden
2025-12-12T10:10:41.939380,https://maps.googleapis.com/maps/api/js/GeoPhotoService.GetMetadata?pb=!1m4!1sapiv3!11m2!1m1!1b0!2m2!1sit!2sIT!3m3!1m2!1e2!2s2myck4s0g56enDV7q7EIhw!4m61!1e1!1e2!1e3!1e4!1e5!1e6!1e8!1e12!1e17!2m1!1e1!4m1!1i48!5m1!1e1!5m1!1e2!6m1!1e1!6m1!1e2!9m36!1m3!1e2!2b1!3e2!1m3!1e2!2b0!3e3!1m3!1e3!2b1!3e2!1m3!1e3!2b0!3e3!1m3!1e8!2b0!3e3!1m3!1e1!2b0!3e3!1m3!1e4!2b0!3e3!1m3!1e10!2b1!3e2!1m3!1e10!2b0!3e3!11m2!3m1!4b1&callback=_callbacks____jmj2ncw1y,51.80386090296027,5.439010678653737,Netherlands,Heerewaarden
2025-12-12T10:10:44.475717,https://maps.googleapis.com/maps/api/js/GeoPhotoService.GetMetadata?pb=!1m4!1sapiv3!11m2!1m1!1b0!2m2!1sit!2sIT!3m3!1m2!1e2!2sKazPBiddpxykk9Nm5cH9Zw!4m61!1e1!1e2!1e3!1e4!1e5!1e6!1e8!1e12!1e17!2m1!1e1!4m1!1i48!5m1!1e1!5m1!1e2!6m1!1e1!6m1!1e2!9m36!1m3!1e2!2b1!3e2!1m3!1e2!2b0!3e3!1m3!1e3!2b1!3e2!1m3!1e3!2b0!3e3!1m3!1e8!2b0!3e3!1m3!1e1!2b0!3e3!1m3!1e4!2b0!3e3!1m3!1e10!2b1!3e2!1m3!1e10!2b0!3e3!11m2!3m1!4b1&callback=_callbacks____kmj2ncwft,51.80378584166626,5.438928748895106,Netherlands,Heerewaarden
2025-12-12T10:10:52.057182,https://maps.googleapis.com/maps/api/js/GeoPhotoService.GetMetadata?pb=!1m4!1sapiv3!11m2!1m1!1b0!2m2!1sit!2sIT!3m3!1m2!1e2!2sNaumsdkvHWK6iHUEspKjVg!4m61!1e1!1e2!1e3!1e4!1e5!1e6!1e8!1e12!1e17!2m1!1e1!4m1!1i48!5m1!1e1!5m1!1e2!6m1!1e1!6m1!1e2!9m36!1m3!1e2!2b1!3e2!1m3!1e2!2b0!3e3!1m3!1e3!2b1!3e2!1m3!1e3!2b0!3e3!1m3!1e8!2b0!3e3!1m3!1e1!2b0!3e3!1m3!1e4!2b0!3e3!1m3!1e10!2b1!3e2!1m3!1e10!2b0!3e3!11m2!3m1!4b1&callback=_callbacks____lmj2nd42j,-13.1632329155101,-72.54551493313326,Peru,Santa Teresa
2025-12-12T10:10:55.433571,https://maps.googleapis.com/maps/api/js/GeoPhotoService.GetMetadata?pb=!1m4!1sapiv3!11m2!1m1!1b0!2m2!1sit!2sIT!3m3!1m2!1e2!2sa-MqaU9eJQir8d6qetqOFA!4m61!1e1!1e2!1e3!1e4!1e5!1e6!1e8!1e12!1e17!2m1!1e1!4m1!1i48!5m1!1e1!5m1!1e2!6m1!1e1!6m1!1e2!9m36!1m3!1e2!2b1!3e2!1m3!1e2!2b0!3e3!1m3!1e3!2b1!3e2!1m3!1e3!2b0!3e3!1m3!1e8!2b0!3e3!1m3!1e1!2b0!3e3!1m3!1e4!2b0!3e3!1m3!1e10!2b1!3e2!1m3!1e10!2b0!3e3!11m2!3m1!4b1&callback=_callbacks____mmj2nd671,-13.16320512756704,-72.54551276694426,Peru,Santa Teresa
2025-12-12T10:10:58.208824,https://maps.googleapis.com/maps/api/js/GeoPhotoService.GetMetadata?pb=!1m4!1sapiv3!11m2!1m1!1b0!2m2!1sit!2sIT!3m3!1m2!1e2!2s-cT7jMwWG3fkBIZzI0DjQQ!4m61!1e1!1e2!1e3!1e4!1e5!1e6!1e8!1e12!1e17!2m1!1e1!4m1!1i48!5m1!1e1!5m1!1e2!6m1!1e1!6m1!1e2!9m36!1m3!1e2!2b1!3e2!1m3!1e2!2b0!3e3!1m3!1e3!2b1!3e2!1m3!1e3!2b0!3e3!1m3!1e8!2b0!3e3!1m3!1e1!2b0!3e3!1m3!1e4!2b0!3e3!1m3!1e10!2b1!3e2!1m3!1e10!2b0!3e3!11m2!3m1!4b1&callback=_callbacks____omj2nd7w9,-13.16304599810719,-72.54571331986737,Peru,Santa Teresa
2025-12-12T10:11:00.840002,https://maps.googleapis.com/maps/api/js/GeoPhotoService.GetMetadata?pb=!1m4!1sapiv3!11m2!1m1!1b0!2m2!1sit!2sIT!3m3!1m2!1e2!2s5syLhjBXl8ccUJbcO1AZCQ!4m61!1e1!1e2!1e3!1e4!1e5!1e6!1e8!1e12!1e17!2m1!1e1!4m1!1i48!5m1!1e1!5m1!1e2!6m1!1e1!6m1!1e2!9m36!1m3!1e2!2b1!3e2!1m3!1e2!2b0!3e3!1m3!1e3!2b1!3e2!1m3!1e3!2b0!3e3!1m3!1e8!2b0!3e3!1m3!1e1!2b0!3e3!1m3!1e4!2b0!3e3!1m3!1e10!2b1!3e2!1m3!1e10!2b0!3e3!11m2!3m1!4b1&callback=_callbacks____nmj2nd748,-13.16296703424958,-72.5455401150792,Peru,Santa Teresa
2025-12-12T10:11:03.133297,https://maps.googleapis.com/maps/api/js/GeoPhotoService.GetMetadata?pb=!1m4!1sapiv3!11m2!1m1!1b0!2m2!1sit!2sIT!3m3!1m2!1e2!2sA9m4iUgyO835BnzED8LuKg!4m61!1e1!1e2!1e3!1e4!1e5!1e6!1e8!1e12!1e17!2m1!1e1!4m1!1i48!5m1!1e1!5m1!1e2!6m1!1e1!6m1!1e2!9m36!1m3!1e2!2b1!3e2!1m3!1e2!2b0!3e3!1m3!1e3!2b1!3e2!1m3!1e3!2b0!3e3!1m3!1e8!2b0!3e3!1m3!1e1!2b0!3e3!1m3!1e4!2b0!3e3!1m3!1e10!2b1!3e2!1m3!1e10!2b0!3e3!11m2!3m1!4b1&callback=_callbacks____pmj2nd8bc,-13.1630377788427,-72.54550301909347,Peru,Santa Teresa
2025-12-12T10:11:06.257920,https://maps.googleapis.com/maps/api/js/GeoPhotoService.GetMetadata?pb=!1m4!1sapiv3!11m2!1m1!1b0!2m2!1sit!2sIT!3m3!1m2!1e2!2sGm9Xop0vryYhyj7xa-EDvQ!4m61!1e1!1e2!1e3!1e4!1e5!1e6!1e8!1e12!1e17!2m1!1e1!4m1!1i48!5m1!1e1!5m1!1e2!6m1!1e1!6m1!1e2!9m36!1m3!1e2!2b1!3e2!1m3!1e2!2b0!3e3!1m3!1e3!2b1!3e2!1m3!1e3!2b0!3e3!1m3!1e8!2b0!3e3!1m3!1e1!2b0!3e3!1m3!1e4!2b0!3e3!1m3!1e10!2b1!3e2!1m3!1e10!2b0!3e3!11m2!3m1!4b1&callback=_callbacks____rmj2ndave,-13.16317739030903,-72.54544931564982,Peru,Santa Teresa
2025-12-12T10:11:09.229669,https://maps.googleapis.com/maps/api/js/GeoPhotoService.GetMetadata?pb=!1m4!1sapiv3!11m2!1m1!1b0!2m2!1sit!2sIT!3m3!1m2!1e2!2sZyVcWx9xR71N3ycCoNaJVQ!4m61!1e1!1e2!1e3!1e4!1e5!1e6!1e8!1e12!1e17!2m1!1e1!4m1!1i48!5m1!1e1!5m1!1e2!6m1!1e1!6m1!1e2!9m36!1m3!1e2!2b1!3e2!1m3!1e2!2b0!3e3!1m3!1e3!2b1!3e2!1m3!1e3!2b0!3e3!1m3!1e8!2b0!3e3!1m3!1e1!2b0!3e3!1m3!1e4!2b0!3e3!1m3!1e10!2b1!3e2!1m3!1e10!2b0!3e3!11m2!3m1!4b1&callback=_callbacks____qmj2nd8y0,-13.16300629717605,-72.54542720246393,Peru,Santa Teresa
2025-12-12T10:11:13.303447,https://maps.googleapis.com/maps/api/js/GeoPhotoService.GetMetadata?pb=!1m4!1sapiv3!11m2!1m1!1b0!2m2!1sit!2sIT!3m3!1m2!1e2!2sCH46y9XEIeOkipLgXHrQyQ!4m61!1e1!1e2!1e3!1e4!1e5!1e6!1e8!1e12!1e17!2m1!1e1!4m1!1i48!5m1!1e1!5m1!1e2!6m1!1e1!6m1!1e2!9m36!1m3!1e2!2b1!3e2!1m3!1e2!2b0!3e3!1m3!1e3!2b1!3e2!1m3!1e3!2b0!3e3!1m3!1e8!2b0!3e3!1m3!1e1!2b0!3e3!1m3!1e4!2b0!3e3!1m3!1e10!2b1!3e2!1m3!1e10!2b0!3e3!11m2!3m1!4b1&callback=_callbacks____smj2ndhl8,-13.16342218220881,-72.54568461788332,Peru,Santa Teresa
2025-12-12T10:11:17.239765,https://maps.googleapis.com/maps/api/js/GeoPhotoService.GetMetadata?pb=!1m4!1sapiv3!11m2!1m1!1b0!2m2!1sit!2sIT!3m3!1m2!1e2!2s1IFmmxwa9s-AHjzN2AjAqw!4m61!1e1!1e2!1e3!1e4!1e5!1e6!1e8!1e12!1e17!2m1!1e1!4m1!1i48!5m1!1e1!5m1!1e2!6m1!1e1!6m1!1e2!9m36!1m3!1e2!2b1!3e2!1m3!1e2!2b0!3e3!1m3!1e3!2b1!3e2!1m3!1e3!2b0!3e3!1m3!1e8!2b0!3e3!1m3!1e1!2b0!3e3!1m3!1e4!2b0!3e3!1m3!1e10!2b1!3e2!1m3!1e10!2b0!3e3!11m2!3m1!4b1&callback=_callbacks____tmj2ndlg6,-13.16332672569431,-72.5455217024738,Peru,Santa Teresa
2025-12-12T10:11:21.479979,https://maps.googleapis.com/maps/api/js/GeoPhotoService.GetMetadata?pb=!1m4!1sapiv3!11m2!1m1!1b0!2m2!1sit!2sIT!3m3!1m2!1e2!2s3m2KdD2Yhr7Cc7RfKvkmpw!4m61!1e1!1e2!1e3!1e4!1e5!1e6!1e8!1e12!1e17!2m1!1e1!4m1!1i48!5m1!1e1!5m1!1e2!6m1!1e1!6m1!1e2!9m36!1m3!1e2!2b1!3e2!1m3!1e2!2b0!3e3!1m3!1e3!2b1!3e2!1m3!1e3!2b0!3e3!1m3!1e8!2b0!3e3!1m3!1e1!2b0!3e3!1m3!1e4!2b0!3e3!1m3!1e10!2b1!3e2!1m3!1e10!2b0!3e3!11m2!3m1!4b1&callback=_callbacks____umj2ndpb7,-13.16339351939616,-72.54537079126696,Peru,Santa Teresa
2025-12-12T10:11:24.496812,https://maps.googleapis.com/maps/api/js/GeoPhotoService.GetMetadata?pb=!1m4!1sapiv3!11m2!1m1!1b0!2m2!1sit!2sIT!3m3!1m2!1e2!2sTKB6GghCS1phlTuHRIUitA!4m61!1e1!1e2!1e3!1e4!1e5!1e6!1e8!1e12!1e17!2m1!1e1!4m1!1i48!5m1!1e1!5m1!1e2!6m1!1e1!6m1!1e2!9m36!1m3!1e2!2b1!3e2!1m3!1e2!2b0!3e3!1m3!1e3!2b1!3e2!1m3!1e3!2b0!3e3!1m3!1e8!2b0!3e3!1m3!1e1!2b0!3e3!1m3!1e4!2b0!3e3!1m3!1e10!2b1!3e2!1m3!1e10!2b0!3e3!11m2!3m1!4b1&callback=_callbacks____vmj2ndpce,25.27224098585284,55.52677618337221,United Arab Emirates,Sharjah
2025-12-12T10:11:27.746508,https://maps.googleapis.com/maps/api/js/GeoPhotoService.GetMetadata?pb=!1m4!1sapiv3!11m2!1m1!1b0!2m2!1sit!2sIT!3m3!1m2!1e2!2sN1XW7nUixklKaDmZfomJfQ!4m61!1e1!1e2!1e3!1e4!1e5!1e6!1e8!1e12!1e17!2m1!1e1!4m1!1i48!5m1!1e1!5m1!1e2!6m1!1e1!6m1!1e2!9m36!1m3!1e2!2b1!3e2!1m3!1e2!2b0!3e3!1m3!1e3!2b1!3e2!1m3!1e3!2b0!3e3!1m3!1e8!2b0!3e3!1m3!1e1!2b0!3e3!1m3!1e4!2b0!3e3!1m3!1e10!2b1!3e2!1m3!1e10!2b0!3e3!11m2!3m1!4b1&callback=_callbacks____wmj2ndv9q,25.27217063245473,55.52672644975755,United Arab Emirates,Sharjah
2025-12-12T10:11:31.541591,https://maps.googleapis.com/maps/api/js/GeoPhotoService.GetMetadata?pb=!1m4!1sapiv3!11m2!1m1!1b0!2m2!1sit!2sIT!3m3!1m2!1e2!2s6v4bjQhRRyuoPJVB9qOMFA!4m61!1e1!1e2!1e3!1e4!1e5!1e6!1e8!1e12!1e17!2m1!1e1!4m1!1i48!5m1!1e1!5m1!1e2!6m1!1e1!6m1!1e2!9m36!1m3!1e2!2b1!3e2!1m3!1e2!2b0!3e3!1m3!1e3!2b1!3e2!1m3!1e3!2b0!3e3!1m3!1e8!2b0!3e3!1m3!1e1!2b0!3e3!1m3!1e4!2b0!3e3!1m3!1e10!2b1!3e2!1m3!1e10!2b0!3e3!11m2!3m1!4b1&callback=_callbacks____xmj2ndxxp,25.27209886998389,55.52667527829566,United Arab Emirates,Sharjah
2025-12-12T10:11:34.108684,https://maps.googleapis.com/maps/api/js/GeoPhotoService.GetMetadata?pb=!1m4!1sapiv3!11m2!1m1!1b0!2m2!1sit!2sIT!3m3!1m2!1e2!2s8Rq8MgH6tJV0CiwZlanMew!4m61!1e1!1e2!1e3!1e4!1e5!1e6!1e8!1e12!1e17!2m1!1e1!4m1!1i48!5m1!1e1!5m1!1e2!6m1!1e1!6m1!1e2!9m36!1m3!1e2!2b1!3e2!1m3!1e2!2b0!3e3!1m3!1e3!2b1!3e2!1m3!1e3!2b0!3e3!1m3!1e8!2b0!3e3!1m3!1e1!2b0!3e3!1m3!1e4!2b0!3e3!1m3!1e10!2b1!3e2!1m3!1e10!2b0!3e3!11m2!3m1!4b1&callback=_callbacks____ymj2ndys0,25.27187681082068,55.52651888834302,United Arab Emirates,Sharjah
2025-12-12T10:11:39.089285,https://maps.googleapis.com/maps/api/js/GeoPhotoService.GetMetadata?pb=!1m4!1sapiv3!11m2!1m1!1b0!2m2!1sit!2sIT!3m3!1m2!1e2!2s3Huq1RGm54kX6fFjMg_zVg!4m61!1e1!1e2!1e3!1e4!1e5!1e6!1e8!1e12!1e17!2m1!1e1!4m1!1i48!5m1!1e1!5m1!1e2!6m1!1e1!6m1!1e2!9m36!1m3!1e2!2b1!3e2!1m3!1e2!2b0!3e3!1m3!1e3!2b1!3e2!1m3!1e3!2b0!3e3!1m3!1e8!2b0!3e3!1m3!1e1!2b0!3e3!1m3!1e4!2b0!3e3!1m3!1e10!2b1!3e2!1m3!1e10!2b0!3e3!11m2!3m1!4b1&callback=_callbacks____zmj2ne3p4,47.09495025958473,9.322483448328493,Switzerland,Flums
2025-12-12T10:11:42.455829,https://maps.googleapis.com/maps/api/js/GeoPhotoService.GetMetadata?pb=!1m4!1sapiv3!11m2!1m1!1b0!2m2!1sit!2sIT!3m3!1m2!1e2!2s6IVmtgrDEt7eWJBuN1t2Yg!4m61!1e1!1e2!1e3!1e4!1e5!1e6!1e8!1e12!1e17!2m1!1e1!4m1!1i48!5m1!1e1!5m1!1e2!6m1!1e1!6m1!1e2!9m36!1m3!1e2!2b1!3e2!1m3!1e2!2b0!3e3!1m3!1e3!2b1!3e2!1m3!1e3!2b0!3e3!1m3!1e8!2b0!3e3!1m3!1e1!2b0!3e3!1m3!1e4!2b0!3e3!1m3!1e10!2b1!3e2!1m3!1e10!2b0!3e3!11m2!3m1!4b1&callback=_callbacks____10mj2ne6pb,47.09483434416314,9.322461552418686,Switzerland,Flums
2025-12-12T10:11:45.145295,https://maps.googleapis.com/maps/api/js/GeoPhotoService.GetMetadata?pb=!1m4!1sapiv3!11m2!1m1!1b0!2m2!1sit!2sIT!3m3!1m2!1e2!2swl69G1E5tS6Xyj4DIJUONA!4m61!1e1!1e2!1e3!1e4!1e5!1e6!1e8!1e12!1e17!2m1!1e1!4m1!1i48!5m1!1e1!5m1!1e2!6m1!1e1!6m1!1e2!9m36!1m3!1e2!2b1!3e2!1m3!1e2!2b0!3e3!1m3!1e3!2b1!3e2!1m3!1e3!2b0!3e3!1m3!1e8!2b0!3e3!1m3!1e1!2b0!3e3!1m3!1e4!2b0!3e3!1m3!1e10!2b1!3e2!1m3!1e10!2b0!3e3!11m2!3m1!4b1&callback=_callbacks____12mj2ne7wi,47.09449195515949,9.322423798835258,Switzerland,Flums
2025-12-12T10:11:47.482949,https://maps.googleapis.com/maps/api/js/GeoPhotoService.GetMetadata?pb=!1m4!1sapiv3!11m2!1m1!1b0!2m2!1sit!2sIT!3m3!1m2!1e2!2smIdiEjkXuup12-OGJDK5Aw!4m61!1e1!1e2!1e3!1e4!1e5!1e6!1e8!1e12!1e17!2m1!1e1!4m1!1i48!5m1!1e1!5m1!1e2!6m1!1e1!6m1!1e2!9m36!1m3!1e2!2b1!3e2!1m3!1e2!2b0!3e3!1m3!1e3!2b1!3e2!1m3!1e3!2b0!3e3!1m3!1e8!2b0!3e3!1m3!1e1!2b0!3e3!1m3!1e4!2b0!3e3!1m3!1e10!2b1!3e2!1m3!1e10!2b0!3e3!11m2!3m1!4b1&callback=_callbacks____11mj2ne70u,47.09477844480507,9.322455207667355,Switzerland,Flums
2025-12-12T10:11:50.120082,https://maps.googleapis.com/maps/api/js/GeoPhotoService.GetMetadata?pb=!1m4!1sapiv3!11m2!1m1!1b0!2m2!1sit!2sIT!3m3!1m2!1e2!2s7h9AqNgEjeWKuk-fTCGOtg!4m61!1e1!1e2!1e3!1e4!1e5!1e6!1e8!1e12!1e17!2m1!1e1!4m1!1i48!5m1!1e1!5m1!1e2!6m1!1e1!6m1!1e2!9m36!1m3!1e2!2b1!3e2!1m3!1e2!2b0!3e3!1m3!1e3!2b1!3e2!1m3!1e3!2b0!3e3!1m3!1e8!2b0!3e3!1m3!1e1!2b0!3e3!1m3!1e4!2b0!3e3!1m3!1e10!2b1!3e2!1m3!1e10!2b0!3e3!11m2!3m1!4b1&callback=_callbacks____13mj2ne92z,47.09406203341567,9.322485182377818,Switzerland,Flums
2025-12-12T10:11:54.901531,https://maps.googleapis.com/maps/api/js/GeoPhotoService.GetMetadata?pb=!1m4!1sapiv3!11m2!1m1!1b0!2m2!1sit!2sIT!3m3!1m2!1e2!2sPXk4BkQ1Tt2G8H6KG9xzkQ!4m61!1e1!1e2!1e3!1e4!1e5!1e6!1e8!1e12!1e17!2m1!1e1!4m1!1i48!5m1!1e1!5m1!1e2!6m1!1e1!6m1!1e2!9m36!1m3!1e2!2b1!3e2!1m3!1e2!2b0!3e3!1m3!1e3!2b1!3e2!1m3!1e3!2b0!3e3!1m3!1e8!2b0!3e3!1m3!1e1!2b0!3e3!1m3!1e4!2b0!3e3!1m3!1e10!2b1!3e2!1m3!1e10!2b0!3e3!11m2!3m1!4b1&callback=_callbacks____14mj2negip,58.32673682690337,22.24492276142628,Estonia,Kuressaare
2025-12-12T10:11:59.241043,https://maps.googleapis.com/maps/api/js/GeoPhotoService.GetMetadata?pb=!1m4!1sapiv3!11m2!1m1!1b0!2m2!1sit!2sIT!3m3!1m2!1e2!2soBUlOzHevVZTHDfUjqg9DQ!4m61!1e1!1e2!1e3!1e4!1e5!1e6!1e8!1e12!1e17!2m1!1e1!4m1!1i48!5m1!1e1!5m1!1e2!6m1!1e1!6m1!1e2!9m36!1m3!1e2!2b1!3e2!1m3!1e2!2b0!3e3!1m3!1e3!2b1!3e2!1m3!1e3!2b0!3e3!1m3!1e8!2b0!3e3!1m3!1e1!2b0!3e3!1m3!1e4!2b0!3e3!1m3!1e10!2b1!3e2!1m3!1e10!2b0!3e3!11m2!3m1!4b1&callback=_callbacks____15mj2nejr7,58.3268173136943,22.24507848202853,Estonia,Kuressaare
2025-12-12T10:12:02.012248,https://maps.googleapis.com/maps/api/js/GeoPhotoService.GetMetadata?pb=!1m4!1sapiv3!11m2!1m1!1b0!2m2!1sit!2sIT!3m3!1m2!1e2!2stBp5zs0Vdh2V8Z-IoN8MwA!4m61!1e1!1e2!1e3!1e4!1e5!1e6!1e8!1e12!1e17!2m1!1e1!4m1!1i48!5m1!1e1!5m1!1e2!6m1!1e1!6m1!1e2!9m36!1m3!1e2!2b1!3e2!1m3!1e2!2b0!3e3!1m3!1e3!2b1!3e2!1m3!1e3!2b0!3e3!1m3!1e8!2b0!3e3!1m3!1e1!2b0!3e3!1m3!1e4!2b0!3e3!1m3!1e10!2b1!3e2!1m3!1e10!2b0!3e3!11m2!3m1!4b1&callback=_callbacks____16mj2nekm1,58.32696190638021,22.24530945265913,Estonia,Kuressaare
2025-12-12T10:12:04.486529,https://maps.googleapis.com/maps/api/js/GeoPhotoService.GetMetadata?pb=!1m4!1sapiv3!11m2!1m1!1b0!2m2!1sit!2sIT!3m3!1m2!1e2!2saVujYTsf3h9F1sI1WNQ-zQ!4m61!1e1!1e2!1e3!1e4!1e5!1e6!1e8!1e12!1e17!2m1!1e1!4m1!1i48!5m1!1e1!5m1!1e2!6m1!1e1!6m1!1e2!9m36!1m3!1e2!2b1!3e2!1m3!1e2!2b0!3e3!1m3!1e3!2b1!3e2!1m3!1e3!2b0!3e3!1m3!1e8!2b0!3e3!1m3!1e1!2b0!3e3!1m3!1e4!2b0!3e3!1m3!1e10!2b1!3e2!1m3!1e10!2b0!3e3!11m2!3m1!4b1&callback=_callbacks____17mj2nelsx,58.32688782692465,22.2451633319888,Estonia,Kuressaare
2025-12-12T10:12:11.428336,https://maps.googleapis.com/maps/api/js/GeoPhotoService.GetMetadata?pb=!1m4!1sapiv3!11m2!1m1!1b0!2m2!1sit!2sIT!3m3!1m2!1e2!2sxn5_bxVADOosZOdphNVuBw!4m61!1e1!1e2!1e3!1e4!1e5!1e6!1e8!1e12!1e17!2m1!1e1!4m1!1i48!5m1!1e1!5m1!1e2!6m1!1e1!6m1!1e2!9m36!1m3!1e2!2b1!3e2!1m3!1e2!2b0!3e3!1m3!1e3!2b1!3e2!1m3!1e3!2b0!3e3!1m3!1e8!2b0!3e3!1m3!1e1!2b0!3e3!1m3!1e4!2b0!3e3!1m3!1e10!2b1!3e2!1m3!1e10!2b0!3e3!11m2!3m1!4b1&callback=_callbacks____18mj2net7p,49.5668481628944,6.064515315466504,Luxembourg,Leudelange
2025-12-12T10:12:14.707331,https://maps.googleapis.com/maps/api/js/GeoPhotoService.GetMetadata?pb=!1m4!1sapiv3!11m2!1m1!1b0!2m2!1sit!2sIT!3m3!1m2!1e2!2sjlGdrz4GdfeDwzvCq7E2LA!4m61!1e1!1e2!1e3!1e4!1e5!1e6!1e8!1e12!1e17!2m1!1e1!4m1!1i48!5m1!1e1!5m1!1e2!6m1!1e1!6m1!1e2!9m36!1m3!1e2!2b1!3e2!1m3!1e2!2b0!3e3!1m3!1e3!2b1!3e2!1m3!1e3!2b0!3e3!1m3!1e8!2b0!3e3!1m3!1e1!2b0!3e3!1m3!1e4!2b0!3e3!1m3!1e10!2b1!3e2!1m3!1e10!2b0!3e3!11m2!3m1!4b1&callback=_callbacks____19mj2nevhr,49.56678448006138,6.064365529751977,Luxembourg,Leudelange
2025-12-12T10:12:17.467546,https://maps.googleapis.com/maps/api/js/GeoPhotoService.GetMetadata?pb=!1m4!1sapiv3!11m2!1m1!1b0!2m2!1sit!2sIT!3m3!1m2!1e2!2s3KEQoan6XfZf8bPkHWoKDw!4m61!1e1!1e2!1e3!1e4!1e5!1e6!1e8!1e12!1e17!2m1!1e1!4m1!1i48!5m1!1e1!5m1!1e2!6m1!1e1!6m1!1e2!9m36!1m3!1e2!2b1!3e2!1m3!1e2!2b0!3e3!1m3!1e3!2b1!3e2!1m3!1e3!2b0!3e3!1m3!1e8!2b0!3e3!1m3!1e1!2b0!3e3!1m3!1e4!2b0!3e3!1m3!1e10!2b1!3e2!1m3!1e10!2b0!3e3!11m2!3m1!4b1&callback=_callbacks____1bmj2nex6h,49.56672713664629,6.064593174484969,Luxembourg,Leudelange
2025-12-12T10:12:20.087580,https://maps.googleapis.com/maps/api/js/GeoPhotoService.GetMetadata?pb=!1m4!1sapiv3!11m2!1m1!1b0!2m2!1sit!2sIT!3m3!1m2!1e2!2sKGGv78dGZ89Wj1zmEGSdQg!4m61!1e1!1e2!1e3!1e4!1e5!1e6!1e8!1e12!1e17!2m1!1e1!4m1!1i48!5m1!1e1!5m1!1e2!6m1!1e1!6m1!1e2!9m36!1m3!1e2!2b1!3e2!1m3!1e2!2b0!3e3!1m3!1e3!2b1!3e2!1m3!1e3!2b0!3e3!1m3!1e8!2b0!3e3!1m3!1e1!2b0!3e3!1m3!1e4!2b0!3e3!1m3!1e10!2b1!3e2!1m3!1e10!2b0!3e3!11m2!3m1!4b1&callback=_callbacks____1amj2newqk,49.56667822177068,6.064642265106617,Luxembourg,Leudelange
2025-12-12T10:12:22.817550,https://maps.googleapis.com/maps/api/js/GeoPhotoService.GetMetadata?pb=!1m4!1sapiv3!11m2!1m1!1b0!2m2!1sit!2sIT!3m3!1m2!1e2!2s08sG5mKMp_P7OW0oeTMirw!4m61!1e1!1e2!1e3!1e4!1e5!1e6!1e8!1e12!1e17!2m1!1e1!4m1!1i48!5m1!1e1!5m1!1e2!6m1!1e1!6m1!1e2!9m36!1m3!1e2!2b1!3e2!1m3!1e2!2b0!3e3!1m3!1e3!2b1!3e2!1m3!1e3!2b0!3e3!1m3!1e8!2b0!3e3!1m3!1e1!2b0!3e3!1m3!1e4!2b0!3e3!1m3!1e10!2b1!3e2!1m3!1e10!2b0!3e3!11m2!3m1!4b1&callback=_callbacks____1cmj2nexrp,49.5667769050232,6.064544172799545,Luxembourg,Leudelange
2025-12-12T10:12:29.407713,https://maps.googleapis.com/maps/api/js/GeoPhotoService.GetMetadata?pb=!1m4!1sapiv3!11m2!1m1!1b0!2m2!1sit!2sIT!3m3!1m2!1e2!2sCtNRfSvQ0xLsOVbm97fc1w!4m61!1e1!1e2!1e3!1e4!1e5!1e6!1e8!1e12!1e17!2m1!1e1!4m1!1i48!5m1!1e1!5m1!1e2!6m1!1e1!6m1!1e2!9m36!1m3!1e2!2b1!3e2!1m3!1e2!2b0!3e3!1m3!1e3!2b1!3e2!1m3!1e3!2b0!3e3!1m3!1e8!2b0!3e3!1m3!1e1!2b0!3e3!1m3!1e4!2b0!3e3!1m3!1e10!2b1!3e2!1m3!1e10!2b0!3e3!11m2!3m1!4b1&callback=_callbacks____1emj2nf74e,53.42355776235748,-7.926494799276662,Ireland,Athlone
2025-12-12T10:12:33.075307,https://maps.googleapis.com/maps/api/js/GeoPhotoService.GetMetadata?pb=!1m4!1sapiv3!11m2!1m1!1b0!2m2!1sit!2sIT!3m3!1m2!1e2!2sFm64-WRSZR_4lxhwz82d5w!4m61!1e1!1e2!1e3!1e4!1e5!1e6!1e8!1e12!1e17!2m1!1e1!4m1!1i48!5m1!1e1!5m1!1e2!6m1!1e1!6m1!1e2!9m36!1m3!1e2!2b1!3e2!1m3!1e2!2b0!3e3!1m3!1e3!2b1!3e2!1m3!1e3!2b0!3e3!1m3!1e8!2b0!3e3!1m3!1e1!2b0!3e3!1m3!1e4!2b0!3e3!1m3!1e10!2b1!3e2!1m3!1e10!2b0!3e3!11m2!3m1!4b1&callback=_callbacks____1fmj2nf9ns,53.42363680479286,-7.926422506450918,Ireland,Athlone
2025-12-12T10:12:35.869749,https://maps.googleapis.com/maps/api/js/GeoPhotoService.GetMetadata?pb=!1m4!1sapiv3!11m2!1m1!1b0!2m2!1sit!2sIT!3m3!1m2!1e2!2sUDT0Xbhjjhi6qakVEKlATw!4m61!1e1!1e2!1e3!1e4!1e5!1e6!1e8!1e12!1e17!2m1!1e1!4m1!1i48!5m1!1e1!5m1!1e2!6m1!1e1!6m1!1e2!9m36!1m3!1e2!2b1!3e2!1m3!1e2!2b0!3e3!1m3!1e3!2b1!3e2!1m3!1e3!2b0!3e3!1m3!1e8!2b0!3e3!1m3!1e1!2b0!3e3!1m3!1e4!2b0!3e3!1m3!1e10!2b1!3e2!1m3!1e10!2b0!3e3!11m2!3m1!4b1&callback=_callbacks____1gmj2nfa6t,53.423301344672,-7.927815132445536,Ireland,Athlone
2025-12-12T10:12:38.286920,https://maps.googleapis.com/maps/api/js/GeoPhotoService.GetMetadata?pb=!1m4!1sapiv3!11m2!1m1!1b0!2m2!1sit!2sIT!3m3!1m2!1e2!2s60Il2b6QYitI7xT224ebRg!4m61!1e1!1e2!1e3!1e4!1e5!1e6!1e8!1e12!1e17!2m1!1e1!4m1!1i48!5m1!1e1!5m1!1e2!6m1!1e1!6m1!1e2!9m36!1m3!1e2!2b1!3e2!1m3!1e2!2b0!3e3!1m3!1e3!2b1!3e2!1m3!1e3!2b0!3e3!1m3!1e8!2b0!3e3!1m3!1e1!2b0!3e3!1m3!1e4!2b0!3e3!1m3!1e10!2b1!3e2!1m3!1e10!2b0!3e3!11m2!3m1!4b1&callback=_callbacks____1imj2nfb1v,53.42331565682697,-7.926770212463635,Ireland,Athlone
2025-12-12T10:12:40.833665,https://maps.googleapis.com/maps/api/js/GeoPhotoService.GetMetadata?pb=!1m4!1sapiv3!11m2!1m1!1b0!2m2!1sit!2sIT!3m3!1m2!1e2!2s9_ypDML1A6mmVY12WSSOJQ!4m61!1e1!1e2!1e3!1e4!1e5!1e6!1e8!1e12!1e17!2m1!1e1!4m1!1i48!5m1!1e1!5m1!1e2!6m1!1e1!6m1!1e2!9m36!1m3!1e2!2b1!3e2!1m3!1e2!2b0!3e3!1m3!1e3!2b1!3e2!1m3!1e3!2b0!3e3!1m3!1e8!2b0!3e3!1m3!1e1!2b0!3e3!1m3!1e4!2b0!3e3!1m3!1e10!2b1!3e2!1m3!1e10!2b0!3e3!11m2!3m1!4b1&callback=_callbacks____1hmj2nfajw,53.42339481355503,-7.927353367751763,Ireland,Athlone
2025-12-12T10:12:45.174597,https://maps.googleapis.com/maps/api/js/GeoPhotoService.GetMetadata?pb=!1m4!1sapiv3!11m2!1m1!1b0!2m2!1sit!2sIT!3m3!1m2!1e2!2sSuN0E5B7TJ514T3NOSGVow!4m61!1e1!1e2!1e3!1e4!1e5!1e6!1e8!1e12!1e17!2m1!1e1!4m1!1i48!5m1!1e1!5m1!1e2!6m1!1e1!6m1!1e2!9m36!1m3!1e2!2b1!3e2!1m3!1e2!2b0!3e3!1m3!1e3!2b1!3e2!1m3!1e3!2b0!3e3!1m3!1e8!2b0!3e3!1m3!1e1!2b0!3e3!1m3!1e4!2b0!3e3!1m3!1e10!2b1!3e2!1m3!1e10!2b0!3e3!11m2!3m1!4b1&callback=_callbacks____1jmj2nfhzl,53.42347098455341,-7.926620952781926,Ireland,Athlone
2025-12-12T10:12:48.535810,https://maps.googleapis.com/maps/api/js/GeoPhotoService.GetMetadata?pb=!1m4!1sapiv3!11m2!1m1!1b0!2m2!1sit!2sIT!3m3!1m2!1e2!2sYS9yXpogZpk1xptudZIktA!4m61!1e1!1e2!1e3!1e4!1e5!1e6!1e8!1e12!1e17!2m1!1e1!4m1!1i48!5m1!1e1!5m1!1e2!6m1!1e1!6m1!1e2!9m36!1m3!1e2!2b1!3e2!1m3!1e2!2b0!3e3!1m3!1e3!2b1!3e2!1m3!1e3!2b0!3e3!1m3!1e8!2b0!3e3!1m3!1e1!2b0!3e3!1m3!1e4!2b0!3e3!1m3!1e10!2b1!3e2!1m3!1e10!2b0!3e3!11m2!3m1!4b1&callback=_callbacks____1kmj2nflcw,-26.34398068211058,27.68180831535779,South Africa,Westonaria
2025-12-12T10:12:51.887772,https://maps.googleapis.com/maps/api/js/GeoPhotoService.GetMetadata?pb=!1m4!1sapiv3!11m2!1m1!1b0!2m2!1sit!2sIT!3m3!1m2!1e2!2s4IIab3Tw-lQsGqAYtI4szw!4m61!1e1!1e2!1e3!1e4!1e5!1e6!1e8!1e12!1e17!2m1!1e1!4m1!1i48!5m1!1e1!5m1!1e2!6m1!1e1!6m1!1e2!9m36!1m3!1e2!2b1!3e2!1m3!1e2!2b0!3e3!1m3!1e3!2b1!3e2!1m3!1e3!2b0!3e3!1m3!1e8!2b0!3e3!1m3!1e1!2b0!3e3!1m3!1e4!2b0!3e3!1m3!1e10!2b1!3e2!1m3!1e10!2b0!3e3!11m2!3m1!4b1&callback=_callbacks____1lmj2nfo12,-26.34385498312946,27.68179014497034,South Africa,Westonaria
2025-12-12T10:12:54.624080,https://maps.googleapis.com/maps/api/js/GeoPhotoService.GetMetadata?pb=!1m4!1sapiv3!11m2!1m1!1b0!2m2!1sit!2sIT!3m3!1m2!1e2!2sShycoTvW4eDKOV6zTb2gHw!4m61!1e1!1e2!1e3!1e4!1e5!1e6!1e8!1e12!1e17!2m1!1e1!4m1!1i48!5m1!1e1!5m1!1e2!6m1!1e1!6m1!1e2!9m36!1m3!1e2!2b1!3e2!1m3!1e2!2b0!3e3!1m3!1e3!2b1!3e2!1m3!1e3!2b0!3e3!1m3!1e8!2b0!3e3!1m3!1e1!2b0!3e3!1m3!1e4!2b0!3e3!1m3!1e10!2b1!3e2!1m3!1e10!2b0!3e3!11m2!3m1!4b1&callback=_callbacks____1nmj2nfphw,-26.34409922766176,27.68182227880705,South Africa,Westonaria
2025-12-12T10:12:56.931250,https://maps.googleapis.com/maps/api/js/GeoPhotoService.GetMetadata?pb=!1m4!1sapiv3!11m2!1m1!1b0!2m2!1sit!2sIT!3m3!1m2!1e2!2srkft6TLvdGjMYGBLw1-JdA!4m61!1e1!1e2!1e3!1e4!1e5!1e6!1e8!1e12!1e17!2m1!1e1!4m1!1i48!5m1!1e1!5m1!1e2!6m1!1e1!6m1!1e2!9m36!1m3!1e2!2b1!3e2!1m3!1e2!2b0!3e3!1m3!1e3!2b1!3e2!1m3!1e3!2b0!3e3!1m3!1e8!2b0!3e3!1m3!1e1!2b0!3e3!1m3!1e4!2b0!3e3!1m3!1e10!2b1!3e2!1m3!1e10!2b0!3e3!11m2!3m1!4b1&callback=_callbacks____1mmj2nfp2j,-26.34345465635365,27.6817509398919,South Africa,Westonaria
2025-12-12T10:12:59.413058,https://maps.googleapis.com/maps/api/js/GeoPhotoService.GetMetadata?pb=!1m4!1sapiv3!11m2!1m1!1b0!2m2!1sit!2sIT!3m3!1m2!1e2!2sk4M57Xnw7rZZwa7orNMzHw!4m61!1e1!1e2!1e3!1e4!1e5!1e6!1e8!1e12!1e17!2m1!1e1!4m1!1i48!5m1!1e1!5m1!1e2!6m1!1e1!6m1!1e2!9m36!1m3!1e2!2b1!3e2!1m3!1e2!2b0!3e3!1m3!1e3!2b1!3e2!1m3!1e3!2b0!3e3!1m3!1e8!2b0!3e3!1m3!1e1!2b0!3e3!1m3!1e4!2b0!3e3!1m3!1e10!2b1!3e2!1m3!1e10!2b0!3e3!11m2!3m1!4b1&callback=_callbacks____1omj2nfsdk,-26.34416106297008,27.68182908151272,South Africa,Westonaria
2025-12-12T10:13:01.978168,https://maps.googleapis.com/maps/api/js/GeoPhotoService.GetMetadata?pb=!1m4!1sapiv3!11m2!1m1!1b0!2m2!1sit!2sIT!3m3!1m2!1e2!2sBSBxsjLsQy9I5GLTcqHdbg!4m61!1e1!1e2!1e3!1e4!1e5!1e6!1e8!1e12!1e17!2m1!1e1!4m1!1i48!5m1!1e1!5m1!1e2!6m1!1e1!6m1!1e2!9m36!1m3!1e2!2b1!3e2!1m3!1e2!2b0!3e3!1m3!1e3!2b1!3e2!1m3!1e3!2b0!3e3!1m3!1e8!2b0!3e3!1m3!1e1!2b0!3e3!1m3!1e4!2b0!3e3!1m3!1e10!2b1!3e2!1m3!1e10!2b0!3e3!11m2!3m1!4b1&callback=_callbacks____1pmj2nfu5l,-26.34433891935724,27.68184805747985,South Africa,Westonaria
2025-12-12T10:13:05.704287,https://maps.googleapis.com/maps/api/js/GeoPhotoService.GetMetadata?pb=!1m4!1sapiv3!11m2!1m1!1b0!2m2!1sit!2sIT!3m3!1m2!1e2!2sFEMwmQoNljXHSr4SzkUy3A!4m61!1e1!1e2!1e3!1e4!1e5!1e6!1e8!1e12!1e17!2m1!1e1!4m1!1i48!5m1!1e1!5m1!1e2!6m1!1e1!6m1!1e2!9m36!1m3!1e2!2b1!3e2!1m3!1e2!2b0!3e3!1m3!1e3!2b1!3e2!1m3!1e3!2b0!3e3!1m3!1e8!2b0!3e3!1m3!1e1!2b0!3e3!1m3!1e4!2b0!3e3!1m3!1e10!2b1!3e2!1m3!1e10!2b0!3e3!11m2!3m1!4b1&callback=_callbacks____1qmj2nfxym,-26.34486296630889,27.68190498536975,South Africa,Westonaria
2025-12-12T10:13:08.827661,https://maps.googleapis.com/maps/api/js/GeoPhotoService.GetMetadata?pb=!1m4!1sapiv3!11m2!1m1!1b0!2m2!1sit!2sIT!3m3!1m2!1e2!2s9EZvRhki6QR3zeDiUyJsbw!4m61!1e1!1e2!1e3!1e4!1e5!1e6!1e8!1e12!1e17!2m1!1e1!4m1!1i48!5m1!1e1!5m1!1e2!6m1!1e1!6m1!1e2!9m36!1m3!1e2!2b1!3e2!1m3!1e2!2b0!3e3!1m3!1e3!2b1!3e2!1m3!1e3!2b0!3e3!1m3!1e8!2b0!3e3!1m3!1e1!2b0!3e3!1m3!1e4!2b0!3e3!1m3!1e10!2b1!3e2!1m3!1e10!2b0!3e3!11m2!3m1!4b1&callback=_callbacks____1rmj2ng11n,53.61646751783114,-6.21468955107657,Ireland,Balbriggan
2025-12-12T10:13:12.156120,https://maps.googleapis.com/maps/api/js/GeoPhotoService.GetMetadata?pb=!1m4!1sapiv3!11m2!1m1!1b0!2m2!1sit!2sIT!3m3!1m2!1e2!2s5E5MQAeEEWhjQZ8fTyFPzA!4m61!1e1!1e2!1e3!1e4!1e5!1e6!1e8!1e12!1e17!2m1!1e1!4m1!1i48!5m1!1e1!5m1!1e2!6m1!1e1!6m1!1e2!9m36!1m3!1e2!2b1!3e2!1m3!1e2!2b0!3e3!1m3!1e3!2b1!3e2!1m3!1e3!2b0!3e3!1m3!1e8!2b0!3e3!1m3!1e1!2b0!3e3!1m3!1e4!2b0!3e3!1m3!1e10!2b1!3e2!1m3!1e10!2b0!3e3!11m2!3m1!4b1&callback=_callbacks____1smj2ng3l5,53.61649756911606,-6.214523179166949,Ireland,Balbriggan
2025-12-12T10:13:16.040987,https://maps.googleapis.com/maps/api/js/GeoPhotoService.GetMetadata?pb=!1m4!1sapiv3!11m2!1m1!1b0!2m2!1sit!2sIT!3m3!1m2!1e2!2sALtYyEYlGkMrTIQXHvC0vg!4m61!1e1!1e2!1e3!1e4!1e5!1e6!1e8!1e12!1e17!2m1!1e1!4m1!1i48!5m1!1e1!5m1!1e2!6m1!1e1!6m1!1e2!9m36!1m3!1e2!2b1!3e2!1m3!1e2!2b0!3e3!1m3!1e3!2b1!3e2!1m3!1e3!2b0!3e3!1m3!1e8!2b0!3e3!1m3!1e1!2b0!3e3!1m3!1e4!2b0!3e3!1m3!1e10!2b1!3e2!1m3!1e10!2b0!3e3!11m2!3m1!4b1&callback=_callbacks____1tmj2ng4ck,53.61643821656024,-6.214854255943512,Ireland,Balbriggan
2025-12-12T10:13:19.034589,https://maps.googleapis.com/maps/api/js/GeoPhotoService.GetMetadata?pb=!1m4!1sapiv3!11m2!1m1!1b0!2m2!1sit!2sIT!3m3!1m2!1e2!2srWQV7xGwtxs9IFFR7by2NQ!4m61!1e1!1e2!1e3!1e4!1e5!1e6!1e8!1e12!1e17!2m1!1e1!4m1!1i48!5m1!1e1!5m1!1e2!6m1!1e1!6m1!1e2!9m36!1m3!1e2!2b1!3e2!1m3!1e2!2b0!3e3!1m3!1e3!2b1!3e2!1m3!1e3!2b0!3e3!1m3!1e8!2b0!3e3!1m3!1e1!2b0!3e3!1m3!1e4!2b0!3e3!1m3!1e10!2b1!3e2!1m3!1e10!2b0!3e3!11m2!3m1!4b1&callback=_callbacks____1umj2ng66x,53.61628622539777,-6.216049477719582,Ireland,Balbriggan
2025-12-12T10:24:34.932746,https://maps.googleapis.com/maps/api/js/GeoPhotoService.GetMetadata?pb=!1m4!1sapiv3!11m2!1m1!1b0!2m2!1sit!2sIT!3m3!1m2!1e2!2s7pG5jfd3QxlX2z8hnyWjQQ!4m61!1e1!1e2!1e3!1e4!1e5!1e6!1e8!1e12!1e17!2m1!1e1!4m1!1i48!5m1!1e1!5m1!1e2!6m1!1e1!6m1!1e2!9m36!1m3!1e2!2b1!3e2!1m3!1e2!2b0!3e3!1m3!1e3!2b1!3e2!1m3!1e3!2b0!3e3!1m3!1e8!2b0!3e3!1m3!1e1!2b0!3e3!1m3!1e4!2b0!3e3!1m3!1e10!2b1!3e2!1m3!1e10!2b0!3e3!11m2!3m1!4b1&callback=_callbacks____6mj2nuqeu,-34.53873211258513,-58.57153811437055,Argentina,General San Martin
2025-12-12T10:24:37.462599,https://maps.googleapis.com/maps/api/js/GeoPhotoService.GetMetadata?pb=!1m4!1sapiv3!11m2!1m1!1b0!2m2!1sit!2sIT!3m3!1m2!1e2!2spDJ-J1DlJBUASpfursMxeg!4m61!1e1!1e2!1e3!1e4!1e5!1e6!1e8!1e12!1e17!2m1!1e1!4m1!1i48!5m1!1e1!5m1!1e2!6m1!1e1!6m1!1e2!9m36!1m3!1e2!2b1!3e2!1m3!1e2!2b0!3e3!1m3!1e3!2b1!3e2!1m3!1e3!2b0!3e3!1m3!1e8!2b0!3e3!1m3!1e1!2b0!3e3!1m3!1e4!2b0!3e3!1m3!1e10!2b1!3e2!1m3!1e10!2b0!3e3!11m2!3m1!4b1&callback=_callbacks____7mj2nusc9,-34.53879699635662,-58.57145475446545,Argentina,General San Martin
2025-12-12T10:24:39.750415,https://maps.googleapis.com/maps/api/js/GeoPhotoService.GetMetadata?pb=!1m4!1sapiv3!11m2!1m1!1b0!2m2!1sit!2sIT!3m3!1m2!1e2!2stIIwuHtaI6qf_3ndjgOPiA!4m61!1e1!1e2!1e3!1e4!1e5!1e6!1e8!1e12!1e17!2m1!1e1!4m1!1i48!5m1!1e1!5m1!1e2!6m1!1e1!6m1!1e2!9m36!1m3!1e2!2b1!3e2!1m3!1e2!2b0!3e3!1m3!1e3!2b1!3e2!1m3!1e3!2b0!3e3!1m3!1e8!2b0!3e3!1m3!1e1!2b0!3e3!1m3!1e4!2b0!3e3!1m3!1e10!2b1!3e2!1m3!1e10!2b0!3e3!11m2!3m1!4b1&callback=_callbacks____8mj2nut83,-34.53866291271707,-58.57162129994239,Argentina,General San Martin
2025-12-12T10:24:45.093063,https://maps.googleapis.com/maps/api/js/GeoPhotoService.GetMetadata?pb=!1m4!1sapiv3!11m2!1m1!1b0!2m2!1sit!2sIT!3m3!1m2!1e2!2shpF3sk5S_2HKNIfajPeCUg!4m61!1e1!1e2!1e3!1e4!1e5!1e6!1e8!1e12!1e17!2m1!1e1!4m1!1i48!5m1!1e1!5m1!1e2!6m1!1e1!6m1!1e2!9m36!1m3!1e2!2b1!3e2!1m3!1e2!2b0!3e3!1m3!1e3!2b1!3e2!1m3!1e3!2b0!3e3!1m3!1e8!2b0!3e3!1m3!1e1!2b0!3e3!1m3!1e4!2b0!3e3!1m3!1e10!2b1!3e2!1m3!1e10!2b0!3e3!11m2!3m1!4b1&callback=_callbacks____9mj2nuxxj,10.5377620041449,7.378807589330862,Nigeria,Kaduna
2025-12-12T10:24:50.179740,https://maps.googleapis.com/maps/api/js/GeoPhotoService.GetMetadata?pb=!1m4!1sapiv3!11m2!1m1!1b0!2m2!1sit!2sIT!3m3!1m2!1e2!2sgHuyFABHjf2TSAAyVhVSig!4m61!1e1!1e2!1e3!1e4!1e5!1e6!1e8!1e12!1e17!2m1!1e1!4m1!1i48!5m1!1e1!5m1!1e2!6m1!1e1!6m1!1e2!9m36!1m3!1e2!2b1!3e2!1m3!1e2!2b0!3e3!1m3!1e3!2b1!3e2!1m3!1e3!2b0!3e3!1m3!1e8!2b0!3e3!1m3!1e1!2b0!3e3!1m3!1e4!2b0!3e3!1m3!1e10!2b1!3e2!1m3!1e10!2b0!3e3!11m2!3m1!4b1&callback=_callbacks____amj2nv1qu,10.53806394233857,7.378787058272775,Nigeria,Kaduna
2025-12-12T10:27:29.887217,https://maps.googleapis.com/maps/api/js/GeoPhotoService.GetMetadata?pb=!1m4!1sapiv3!11m2!1m1!1b0!2m2!1sit!2sIT!3m3!1m2!1e2!2shpF3sk5S_2HKNIfajPeCUg!4m61!1e1!1e2!1e3!1e4!1e5!1e6!1e8!1e12!1e17!2m1!1e1!4m1!1i48!5m1!1e1!5m1!1e2!6m1!1e1!6m1!1e2!9m36!1m3!1e2!2b1!3e2!1m3!1e2!2b0!3e3!1m3!1e3!2b1!3e2!1m3!1e3!2b0!3e3!1m3!1e8!2b0!3e3!1m3!1e1!2b0!3e3!1m3!1e4!2b0!3e3!1m3!1e10!2b1!3e2!1m3!1e10!2b0!3e3!11m2!3m1!4b1&callback=_callbacks____0mj2nyge2,10.5377620041449,7.378807589330862,Nigeria,Kaduna
2025-12-12T10:27:32.567732,https://maps.googleapis.com/maps/api/js/GeoPhotoService.GetMetadata?pb=!1m4!1sapiv3!11m2!1m1!1b0!2m2!1sit!2sIT!3m3!1m2!1e2!2sh2H9hPOEzmz4SOefcwyp5Q!4m61!1e1!1e2!1e3!1e4!1e5!1e6!1e8!1e12!1e17!2m1!1e1!4m1!1i48!5m1!1e1!5m1!1e2!6m1!1e1!6m1!1e2!9m36!1m3!1e2!2b1!3e2!1m3!1e2!2b0!3e3!1m3!1e3!2b1!3e2!1m3!1e3!2b0!3e3!1m3!1e8!2b0!3e3!1m3!1e1!2b0!3e3!1m3!1e4!2b0!3e3!1m3!1e10!2b1!3e2!1m3!1e10!2b0!3e3!11m2!3m1!4b1&callback=_callbacks____1mj2nyk2v,43.46470023644798,17.32306683069093,Bosnia and Herzegovina,Dreznica
2025-12-12T10:27:36.920132,https://maps.googleapis.com/maps/api/js/GeoPhotoService.GetMetadata?pb=!1m4!1sapiv3!11m2!1m1!1b0!2m2!1sit!2sIT!3m3!1m2!1e2!2seDzEl6kjedx14tecyPlj7g!4m61!1e1!1e2!1e3!1e4!1e5!1e6!1e8!1e12!1e17!2m1!1e1!4m1!1i48!5m1!1e1!5m1!1e2!6m1!1e1!6m1!1e2!9m36!1m3!1e2!2b1!3e2!1m3!1e2!2b0!3e3!1m3!1e3!2b1!3e2!1m3!1e3!2b0!3e3!1m3!1e8!2b0!3e3!1m3!1e1!2b0!3e3!1m3!1e4!2b0!3e3!1m3!1e10!2b1!3e2!1m3!1e10!2b0!3e3!11m2!3m1!4b1&callback=_callbacks____2mj2nymgj,43.46475557684001,17.32295343456095,Bosnia and Herzegovina,Dreznica
2025-12-12T10:27:40.031241,https://maps.googleapis.com/maps/api/js/GeoPhotoService.GetMetadata?pb=!1m4!1sapiv3!11m2!1m1!1b0!2m2!1sit!2sIT!3m3!1m2!1e2!2sm2QwX_4YE-_WYT8M9SPcHQ!4m61!1e1!1e2!1e3!1e4!1e5!1e6!1e8!1e12!1e17!2m1!1e1!4m1!1i48!5m1!1e1!5m1!1e2!6m1!1e1!6m1!1e2!9m36!1m3!1e2!2b1!3e2!1m3!1e2!2b0!3e3!1m3!1e3!2b1!3e2!1m3!1e3!2b0!3e3!1m3!1e8!2b0!3e3!1m3!1e1!2b0!3e3!1m3!1e4!2b0!3e3!1m3!1e10!2b1!3e2!1m3!1e10!2b0!3e3!11m2!3m1!4b1&callback=_callbacks____3mj2nyo4f,43.46464602483289,17.3231807681424,Bosnia and Herzegovina,Dreznica
2025-12-12T10:27:42.641833,https://maps.googleapis.com/maps/api/js/GeoPhotoService.GetMetadata?pb=!1m4!1sapiv3!11m2!1m1!1b0!2m2!1sit!2sIT!3m3!1m2!1e2!2sLJ4TKsTPjjAGZ4MnEml1Eg!4m61!1e1!1e2!1e3!1e4!1e5!1e6!1e8!1e12!1e17!2m1!1e1!4m1!1i48!5m1!1e1!5m1!1e2!6m1!1e1!6m1!1e2!9m36!1m3!1e2!2b1!3e2!1m3!1e2!2b0!3e3!1m3!1e3!2b1!3e2!1m3!1e3!2b0!3e3!1m3!1e8!2b0!3e3!1m3!1e1!2b0!3e3!1m3!1e4!2b0!3e3!1m3!1e10!2b1!3e2!1m3!1e10!2b0!3e3!11m2!3m1!4b1&callback=_callbacks____4mj2nypbn,43.46455444989449,17.32338248176111,Bosnia and Herzegovina,Dreznica
2025-12-12T10:27:50.956919,https://maps.googleapis.com/maps/api/js/GeoPhotoService.GetMetadata?pb=!1m4!1sapiv3!11m2!1m1!1b0!2m2!1sit!2sIT!3m3!1m2!1e2!2si5ZU11L59AugdVkViLZClA!4m61!1e1!1e2!1e3!1e4!1e5!1e6!1e8!1e12!1e17!2m1!1e1!4m1!1i48!5m1!1e1!5m1!1e2!6m1!1e1!6m1!1e2!9m36!1m3!1e2!2b1!3e2!1m3!1e2!2b0!3e3!1m3!1e3!2b1!3e2!1m3!1e3!2b0!3e3!1m3!1e8!2b0!3e3!1m3!1e1!2b0!3e3!1m3!1e4!2b0!3e3!1m3!1e10!2b1!3e2!1m3!1e10!2b0!3e3!11m2!3m1!4b1&callback=_callbacks____5mj2nyy43,45.62020099748673,11.66444209092286,Italy,San Pietro in Gu
2025-12-12T10:27:54.657943,https://maps.googleapis.com/maps/api/js/GeoPhotoService.GetMetadata?pb=!1m4!1sapiv3!11m2!1m1!1b0!2m2!1sit!2sIT!3m3!1m2!1e2!2sKW5sFLadvnh1TjrrOHt7Uw!4m61!1e1!1e2!1e3!1e4!1e5!1e6!1e8!1e12!1e17!2m1!1e1!4m1!1i48!5m1!1e1!5m1!1e2!6m1!1e1!6m1!1e2!9m36!1m3!1e2!2b1!3e2!1m3!1e2!2b0!3e3!1m3!1e3!2b1!3e2!1m3!1e3!2b0!3e3!1m3!1e8!2b0!3e3!1m3!1e1!2b0!3e3!1m3!1e4!2b0!3e3!1m3!1e10!2b1!3e2!1m3!1e10!2b0!3e3!11m2!3m1!4b1&callback=_callbacks____6mj2nz0vc,45.6203038865644,11.66475963800466,Italy,San Pietro in Gu
2025-12-12T10:27:57.498942,https://maps.googleapis.com/maps/api/js/GeoPhotoService.GetMetadata?pb=!1m4!1sapiv3!11m2!1m1!1b0!2m2!1sit!2sIT!3m3!1m2!1e2!2s6bKY9rEm4C_V9cS6sX0wFQ!4m61!1e1!1e2!1e3!1e4!1e5!1e6!1e8!1e12!1e17!2m1!1e1!4m1!1i48!5m1!1e1!5m1!1e2!6m1!1e1!6m1!1e2!9m36!1m3!1e2!2b1!3e2!1m3!1e2!2b0!3e3!1m3!1e3!2b1!3e2!1m3!1e3!2b0!3e3!1m3!1e8!2b0!3e3!1m3!1e1!2b0!3e3!1m3!1e4!2b0!3e3!1m3!1e10!2b1!3e2!1m3!1e10!2b0!3e3!11m2!3m1!4b1&callback=_callbacks____7mj2nz1ey,45.62014948360715,11.66447901361291,Italy,San Pietro in Gu
2025-12-12T10:28:01.900873,https://maps.googleapis.com/maps/api/js/GeoPhotoService.GetMetadata?pb=!1m4!1sapiv3!11m2!1m1!1b0!2m2!1sit!2sIT!3m3!1m2!1e2!2sEsd-qpbdmbwXotsu4cW8_g!4m61!1e1!1e2!1e3!1e4!1e5!1e6!1e8!1e12!1e17!2m1!1e1!4m1!1i48!5m1!1e1!5m1!1e2!6m1!1e1!6m1!1e2!9m36!1m3!1e2!2b1!3e2!1m3!1e2!2b0!3e3!1m3!1e3!2b1!3e2!1m3!1e3!2b0!3e3!1m3!1e8!2b0!3e3!1m3!1e1!2b0!3e3!1m3!1e4!2b0!3e3!1m3!1e10!2b1!3e2!1m3!1e10!2b0!3e3!11m2!3m1!4b1&callback=_callbacks____8mj2nz6al,45.62072224485924,11.66392590398308,Italy,San Pietro in Gu
2025-12-12T10:28:04.618065,https://maps.googleapis.com/maps/api/js/GeoPhotoService.GetMetadata?pb=!1m4!1sapiv3!11m2!1m1!1b0!2m2!1sit!2sIT!3m3!1m2!1e2!2sWeNjWkGiWlnTSXllQ_iJGQ!4m61!1e1!1e2!1e3!1e4!1e5!1e6!1e8!1e12!1e17!2m1!1e1!4m1!1i48!5m1!1e1!5m1!1e2!6m1!1e1!6m1!1e2!9m36!1m3!1e2!2b1!3e2!1m3!1e2!2b0!3e3!1m3!1e3!2b1!3e2!1m3!1e3!2b0!3e3!1m3!1e8!2b0!3e3!1m3!1e1!2b0!3e3!1m3!1e4!2b0!3e3!1m3!1e10!2b1!3e2!1m3!1e10!2b0!3e3!11m2!3m1!4b1&callback=_callbacks____9mj2nz8is,45.62034349628804,11.66431847666477,Italy,San Pietro in Gu
2025-12-12T10:28:09.631479,https://maps.googleapis.com/maps/api/js/GeoPhotoService.GetMetadata?pb=!1m4!1sapiv3!11m2!1m1!1b0!2m2!1sit!2sIT!3m3!1m2!1e2!2sgkyNLJ9Q_ge135kgX2K-gQ!4m61!1e1!1e2!1e3!1e4!1e5!1e6!1e8!1e12!1e17!2m1!1e1!4m1!1i48!5m1!1e1!5m1!1e2!6m1!1e1!6m1!1e2!9m36!1m3!1e2!2b1!3e2!1m3!1e2!2b0!3e3!1m3!1e3!2b1!3e2!1m3!1e3!2b0!3e3!1m3!1e8!2b0!3e3!1m3!1e1!2b0!3e3!1m3!1e4!2b0!3e3!1m3!1e10!2b1!3e2!1m3!1e10!2b0!3e3!11m2!3m1!4b1&callback=_callbacks____amj2nzcfb,70.94087909678424,27.74324749700613,Norway,Mehamn
2025-12-12T10:28:13.343514,https://maps.googleapis.com/maps/api/js/GeoPhotoService.GetMetadata?pb=!1m4!1sapiv3!11m2!1m1!1b0!2m2!1sit!2sIT!3m3!1m2!1e2!2s9KO4gy2Y4R37Fbi9XpzFfw!4m61!1e1!1e2!1e3!1e4!1e5!1e6!1e8!1e12!1e17!2m1!1e1!4m1!1i48!5m1!1e1!5m1!1e2!6m1!1e1!6m1!1e2!9m36!1m3!1e2!2b1!3e2!1m3!1e2!2b0!3e3!1m3!1e3!2b1!3e2!1m3!1e3!2b0!3e3!1m3!1e8!2b0!3e3!1m3!1e1!2b0!3e3!1m3!1e4!2b0!3e3!1m3!1e10!2b1!3e2!1m3!1e10!2b0!3e3!11m2!3m1!4b1&callback=_callbacks____bmj2nzf5e,70.94093753420604,27.74348477415317,Norway,Mehamn
2025-12-12T10:28:16.244721,https://maps.googleapis.com/maps/api/js/GeoPhotoService.GetMetadata?pb=!1m4!1sapiv3!11m2!1m1!1b0!2m2!1sit!2sIT!3m3!1m2!1e2!2sTJZJ-Rl5iyCtSS-gRyODrw!4m61!1e1!1e2!1e3!1e4!1e5!1e6!1e8!1e12!1e17!2m1!1e1!4m1!1i48!5m1!1e1!5m1!1e2!6m1!1e1!6m1!1e2!9m36!1m3!1e2!2b1!3e2!1m3!1e2!2b0!3e3!1m3!1e3!2b1!3e2!1m3!1e3!2b0!3e3!1m3!1e8!2b0!3e3!1m3!1e1!2b0!3e3!1m3!1e4!2b0!3e3!1m3!1e10!2b1!3e2!1m3!1e10!2b0!3e3!11m2!3m1!4b1&callback=_callbacks____dmj2nzg20,70.94044506900522,27.7418922505384,Norway,Mehamn
2025-12-12T10:28:18.749492,https://maps.googleapis.com/maps/api/js/GeoPhotoService.GetMetadata?pb=!1m4!1sapiv3!11m2!1m1!1b0!2m2!1sit!2sIT!3m3!1m2!1e2!2sZYrfnpOxdhKhJXtOLYn-gw!4m61!1e1!1e2!1e3!1e4!1e5!1e6!1e8!1e12!1e17!2m1!1e1!4m1!1i48!5m1!1e1!5m1!1e2!6m1!1e1!6m1!1e2!9m36!1m3!1e2!2b1!3e2!1m3!1e2!2b0!3e3!1m3!1e3!2b1!3e2!1m3!1e3!2b0!3e3!1m3!1e8!2b0!3e3!1m3!1e1!2b0!3e3!1m3!1e4!2b0!3e3!1m3!1e10!2b1!3e2!1m3!1e10!2b0!3e3!11m2!3m1!4b1&callback=_callbacks____cmj2nzfjx,70.94075600495015,27.74279408522407,Norway,Mehamn
2025-12-12T10:28:21.403790,https://maps.googleapis.com/maps/api/js/GeoPhotoService.GetMetadata?pb=!1m4!1sapiv3!11m2!1m1!1b0!2m2!1sit!2sIT!3m3!1m2!1e2!2sbJ0Rr7ckIwxYMlrm1Fm17Q!4m61!1e1!1e2!1e3!1e4!1e5!1e6!1e8!1e12!1e17!2m1!1e1!4m1!1i48!5m1!1e1!5m1!1e2!6m1!1e1!6m1!1e2!9m36!1m3!1e2!2b1!3e2!1m3!1e2!2b0!3e3!1m3!1e3!2b1!3e2!1m3!1e3!2b0!3e3!1m3!1e8!2b0!3e3!1m3!1e1!2b0!3e3!1m3!1e4!2b0!3e3!1m3!1e10!2b1!3e2!1m3!1e10!2b0!3e3!11m2!3m1!4b1&callback=_callbacks____emj2nzhke,70.94081896091096,27.74301639353314,Norway,Mehamn
2025-12-12T10:28:26.849470,https://maps.googleapis.com/maps/api/js/GeoPhotoService.GetMetadata?pb=!1m4!1sapiv3!11m2!1m1!1b0!2m2!1sit!2sIT!3m3!1m2!1e2!2s6LbcIDBIL3coM2-Mu_u1TQ!4m61!1e1!1e2!1e3!1e4!1e5!1e6!1e8!1e12!1e17!2m1!1e1!4m1!1i48!5m1!1e1!5m1!1e2!6m1!1e1!6m1!1e2!9m36!1m3!1e2!2b1!3e2!1m3!1e2!2b0!3e3!1m3!1e3!2b1!3e2!1m3!1e3!2b0!3e3!1m3!1e8!2b0!3e3!1m3!1e1!2b0!3e3!1m3!1e4!2b0!3e3!1m3!1e10!2b1!3e2!1m3!1e10!2b0!3e3!11m2!3m1!4b1&callback=_callbacks____fmj2nzpwy,32.02276530194797,-89.98744543736414,United States,Mendenhall
2025-12-12T10:28:30.667693,https://maps.googleapis.com/maps/api/js/GeoPhotoService.GetMetadata?pb=!1m4!1sapiv3!11m2!1m1!1b0!2m2!1sit!2sIT!3m3!1m2!1e2!2sW2ogdDYmXvyJGc_mHWVpUA!4m61!1e1!1e2!1e3!1e4!1e5!1e6!1e8!1e12!1e17!2m1!1e1!4m1!1i48!5m1!1e1!5m1!1e2!6m1!1e1!6m1!1e2!9m36!1m3!1e2!2b1!3e2!1m3!1e2!2b0!3e3!1m3!1e3!2b1!3e2!1m3!1e3!2b0!3e3!1m3!1e8!2b0!3e3!1m3!1e1!2b0!3e3!1m3!1e4!2b0!3e3!1m3!1e10!2b1!3e2!1m3!1e10!2b0!3e3!11m2!3m1!4b1&callback=_callbacks____gmj2nzsat,32.02279374492805,-89.98737917693694,United States,Mendenhall
2025-12-12T10:28:33.545559,https://maps.googleapis.com/maps/api/js/GeoPhotoService.GetMetadata?pb=!1m4!1sapiv3!11m2!1m1!1b0!2m2!1sit!2sIT!3m3!1m2!1e2!2sl9Z-B7BJy1J42v5-URTq6A!4m61!1e1!1e2!1e3!1e4!1e5!1e6!1e8!1e12!1e17!2m1!1e1!4m1!1i48!5m1!1e1!5m1!1e2!6m1!1e1!6m1!1e2!9m36!1m3!1e2!2b1!3e2!1m3!1e2!2b0!3e3!1m3!1e3!2b1!3e2!1m3!1e3!2b0!3e3!1m3!1e8!2b0!3e3!1m3!1e1!2b0!3e3!1m3!1e4!2b0!3e3!1m3!1e10!2b1!3e2!1m3!1e10!2b0!3e3!11m2!3m1!4b1&callback=_callbacks____hmj2nzsnd,32.02287352228035,-89.98717825981605,United States,Mendenhall
2025-12-12T10:28:35.949199,https://maps.googleapis.com/maps/api/js/GeoPhotoService.GetMetadata?pb=!1m4!1sapiv3!11m2!1m1!1b0!2m2!1sit!2sIT!3m3!1m2!1e2!2soSAHHGIfv0m7OXgU0qD5iw!4m61!1e1!1e2!1e3!1e4!1e5!1e6!1e8!1e12!1e17!2m1!1e1!4m1!1i48!5m1!1e1!5m1!1e2!6m1!1e1!6m1!1e2!9m36!1m3!1e2!2b1!3e2!1m3!1e2!2b0!3e3!1m3!1e3!2b1!3e2!1m3!1e3!2b0!3e3!1m3!1e8!2b0!3e3!1m3!1e1!2b0!3e3!1m3!1e4!2b0!3e3!1m3!1e10!2b1!3e2!1m3!1e10!2b0!3e3!11m2!3m1!4b1&callback=_callbacks____jmj2nztsp,32.02273607829152,-89.98751162650545,United States,Mendenhall
2025-12-12T10:28:38.322373,https://maps.googleapis.com/maps/api/js/GeoPhotoService.GetMetadata?pb=!1m4!1sapiv3!11m2!1m1!1b0!2m2!1sit!2sIT!3m3!1m2!1e2!2sKDyTiMzyLSZLMQgD0Ni49g!4m61!1e1!1e2!1e3!1e4!1e5!1e6!1e8!1e12!1e17!2m1!1e1!4m1!1i48!5m1!1e1!5m1!1e2!6m1!1e1!6m1!1e2!9m36!1m3!1e2!2b1!3e2!1m3!1e2!2b0!3e3!1m3!1e3!2b1!3e2!1m3!1e3!2b0!3e3!1m3!1e8!2b0!3e3!1m3!1e1!2b0!3e3!1m3!1e4!2b0!3e3!1m3!1e10!2b1!3e2!1m3!1e10!2b0!3e3!11m2!3m1!4b1&callback=_callbacks____imj2nztcd,32.0227214945299,-89.98738928326087,United States,Mendenhall
2025-12-12T10:28:42.395645,https://maps.googleapis.com/maps/api/js/GeoPhotoService.GetMetadata?pb=!1m4!1sapiv3!11m2!1m1!1b0!2m2!1sit!2sIT!3m3!1m2!1e2!2sF8CO929BoduULwwJo6-wqA!4m61!1e1!1e2!1e3!1e4!1e5!1e6!1e8!1e12!1e17!2m1!1e1!4m1!1i48!5m1!1e1!5m1!1e2!6m1!1e1!6m1!1e2!9m36!1m3!1e2!2b1!3e2!1m3!1e2!2b0!3e3!1m3!1e3!2b1!3e2!1m3!1e3!2b0!3e3!1m3!1e8!2b0!3e3!1m3!1e1!2b0!3e3!1m3!1e4!2b0!3e3!1m3!1e10!2b1!3e2!1m3!1e10!2b0!3e3!11m2!3m1!4b1&callback=_callbacks____kmj2o01n1,59.16081644360548,27.80037072611808,Estonia,Sillamae
